timestamp,actual,lstm
2019-05-25 19:10:00,0.0072601318359375,0.0048769526
2019-05-25 19:15:00,0.0130363464355468,0.008902822
2019-05-25 19:20:00,0.0188125610351562,0.012782009
2019-05-25 19:25:00,0.0245887756347656,0.016648816
2019-05-25 19:30:00,0.030364990234375,0.020509863
2019-05-25 19:35:00,0.0210673014322916,0.024369331
2019-05-25 19:40:00,0.0178731282552083,0.01765594
2019-05-25 19:45:00,0.014678955078124998,0.01569719
2019-05-25 19:50:00,0.0127304077148437,0.013571887
2019-05-25 19:55:00,0.0107818603515625,0.012322352
2019-05-25 20:00:00,0.0088333129882812,0.0110321995
2019-05-25 20:05:00,0.006884765625,0.00973673
2019-05-25 20:10:00,0.0049362182617187,0.008437537
2019-05-25 20:15:00,0.0151290893554687,0.0071362522
2019-05-25 20:20:00,0.0113801956176757,0.014316987
2019-05-25 20:25:00,0.0076313018798828,0.011411031
2019-05-25 20:30:00,0.0038824081420898,0.00887983
2019-05-25 20:35:00,0.0001335144042968,0.0063633006
2019-05-25 20:40:00,0.0106964111328125,0.0038577025
2019-05-25 20:45:00,0.00677490234375,0.01134314
2019-05-25 20:50:00,0.0028533935546875,0.0083269095
2019-05-25 20:55:00,0.0008172988891601,0.005681564
2019-05-25 21:00:00,0.0053163846333821,0.004365034
2019-05-25 21:05:00,0.0,0.007566393
2019-05-25 21:10:00,0.0011329650878906,0.003743379
2019-05-25 21:15:00,0.0032901255289713,0.004669119
2019-05-25 21:20:00,0.005447285970052,0.0061498242
2019-05-25 21:25:00,0.0076044464111328,0.0075979284
2019-05-25 21:30:00,0.0097616068522135,0.009039842
2019-05-25 21:35:00,0.0119187672932942,0.010479642
2019-05-25 21:40:00,0.014075927734375,0.011919501
2019-05-25 21:45:00,0.2692695030799278,0.013360051
2019-05-25 21:50:00,0.0,0.10873906
2019-05-25 21:55:00,0.0001664161682128,-0.011909249
2019-05-25 22:00:00,0.0003328323364257,0.0037942214
2019-05-25 22:05:00,0.0004992485046386,0.003837771
2019-05-25 22:10:00,0.0006656646728515,0.0042040953
2019-05-25 22:15:00,0.0008320808410644,0.0044016256
2019-05-25 22:20:00,0.0009984970092773,0.0045329267
2019-05-25 22:25:00,0.0011649131774902,0.004636268
2019-05-25 22:30:00,0.0013313293457031,0.0047308295
2019-05-25 22:35:00,0.0087528228759765,0.0048251646
2019-05-25 22:40:00,0.01617431640625,0.009986971
2019-05-25 22:45:00,0.0001258850097656,0.014961169
2019-05-25 22:50:00,0.0035584767659505,0.003514826
2019-05-25 22:55:00,0.0069910685221354,0.0063341884
2019-05-25 23:00:00,0.0104236602783203,0.008659834
2019-05-25 23:05:00,0.0069491068522135,0.010970465
2019-05-25 23:10:00,0.0034745534261067,0.008441784
2019-05-25 23:15:00,0.0,0.0061028427
2019-05-25 23:20:00,0.03985595703125,0.0037758797
2019-05-25 23:25:00,0.03564453125,0.031528227
2019-05-25 23:30:00,0.03143310546875,0.027639916
2019-05-25 23:35:00,0.001477559407552,0.024756806
2019-05-25 23:40:00,0.0023152033487955,0.0038857213
2019-05-25 23:45:00,0.003152847290039,0.0053751096
2019-05-25 23:50:00,0.0039904912312825,0.0059971437
2019-05-25 23:55:00,0.004828135172526,0.0065936972
2019-05-26 00:00:00,0.0056657791137695,0.007163
2019-05-26 00:05:00,0.006503423055013,0.0077212537
2019-05-26 00:10:00,0.0073410669962565,0.008275928
2019-05-26 00:15:00,0.0081787109375,0.008830389
2019-05-26 00:20:00,0.0108413696289062,0.00938591
2019-05-26 00:25:00,0.013504028320312502,0.01121791
2019-05-26 00:30:00,0.0161666870117187,0.013000687
2019-05-26 00:35:00,0.018829345703125,0.01478069
2019-05-26 00:40:00,0.0214920043945312,0.016559493
2019-05-26 00:45:00,0.0241546630859375,0.018338341
2019-05-26 00:50:00,0.0268173217773437,0.020117836
2019-05-26 00:55:00,0.02947998046875,0.021897752
2019-05-26 01:00:00,0.0269571940104166,0.02367797
2019-05-26 01:05:00,0.0244344075520833,0.021819556
2019-05-26 01:10:00,0.02191162109375,0.02012696
2019-05-26 01:15:00,0.0193888346354166,0.01844248
2019-05-26 01:20:00,0.0168660481770833,0.016762668
2019-05-26 01:25:00,0.014343261718749998,0.015082847
2019-05-26 01:30:00,0.038299560546875,0.013401974
2019-05-26 01:35:00,0.062255859375,0.030259676
2019-05-26 01:40:00,0.0500846862792968,0.042062744
2019-05-26 01:45:00,0.0379135131835937,0.03669071
2019-05-26 01:50:00,0.0257423400878906,0.028755324
2019-05-26 01:55:00,0.0135711669921875,0.02062609
2019-05-26 02:00:00,0.0013999938964843,0.012524344
2019-05-26 02:05:00,0.0007991790771484,0.0044290917
2019-05-26 02:10:00,0.0001983642578125,0.004402272
2019-05-26 02:15:00,0.0013751983642578,0.004037591
2019-05-26 02:20:00,0.0025520324707031,0.004887329
2019-05-26 02:25:00,0.0037288665771484,0.005673886
2019-05-26 02:30:00,0.0049057006835937,0.0064521884
2019-05-26 02:35:00,0.006082534790039,0.007228696
2019-05-26 02:40:00,0.0053306579589843,0.008006535
2019-05-26 02:45:00,0.0045787811279296,0.007439897
2019-05-26 02:50:00,0.0038269042968749,0.006928247
2019-05-26 02:55:00,0.0030750274658203,0.0064220326
2019-05-26 03:00:00,0.0023231506347656,0.005918682
2019-05-26 03:05:00,0.0026473999023437,0.005416302
2019-05-26 03:10:00,0.0029716491699218,0.005664747
2019-05-26 03:15:00,0.0032958984375,0.005884196
2019-05-26 03:20:00,0.0036201477050781,0.00610119
2019-05-26 03:25:00,0.0024347305297851,0.0063169757
2019-05-26 03:30:00,0.0012493133544921,0.005479128
2019-05-26 03:35:00,6.389617919921875e-05,0.004681755
2019-05-26 03:40:00,0.0059432983398437,0.0038873784
2019-05-26 03:45:00,0.010953630719866,0.008022733
2019-05-26 03:50:00,0.0159639630998883,0.011368023
2019-05-26 03:55:00,0.0209742954799107,0.014720983
2019-05-26 04:00:00,0.025984627859933,0.018068695
2019-05-26 04:05:00,0.0309949602399553,0.021415796
2019-05-26 04:10:00,0.0360052926199776,0.024763571
2019-05-26 04:15:00,0.041015625,0.028112264
2019-05-26 04:20:00,0.05987548828125,0.03144235
2019-05-26 04:25:00,0.04649353027343749,0.040934693
2019-05-26 04:30:00,0.033111572265625,0.034392636
2019-05-26 04:35:00,0.0197296142578125,0.025506373
2019-05-26 04:40:00,0.00634765625,0.016577588
2019-05-26 04:45:00,0.0108439127604166,0.007673452
2019-05-26 04:50:00,0.0153401692708333,0.011262396
2019-05-26 04:55:00,0.01983642578125,0.01432208
2019-05-26 05:00:00,0.0243326822916666,0.017345319
2019-05-26 05:05:00,0.0288289388020833,0.020346506
2019-05-26 05:10:00,0.0333251953125,0.023341203
2019-05-26 05:15:00,0.0168447494506835,0.026335912
2019-05-26 05:20:00,0.0003643035888671,0.014613203
2019-05-26 05:25:00,0.04718017578125,0.0035957186
2019-05-26 05:30:00,0.03399658203125,0.036235187
2019-05-26 05:35:00,0.0233052571614583,0.02622671
2019-05-26 05:40:00,0.0126139322916666,0.019119548
2019-05-26 05:45:00,0.001922607421875,0.011952913
2019-05-26 05:50:00,0.00128173828125,0.00482314
2019-05-26 05:55:00,0.000640869140625,0.004712592
2019-05-26 06:00:00,0.0,0.004317018
2019-05-26 06:05:00,0.0001529057820638,0.0038998884
2019-05-26 06:10:00,0.0003058115641276,0.004023422
2019-05-26 06:15:00,0.0004587173461914,0.004121245
2019-05-26 06:20:00,0.0023849010467529,0.0042167357
2019-05-26 06:25:00,0.0043110847473144,0.0055490495
2019-05-26 06:30:00,0.0062372684478759,0.006836095
2019-05-26 06:35:00,0.0081634521484375,0.0081209345
2019-05-26 06:40:00,0.0049641927083333,0.009405445
2019-05-26 06:45:00,0.0017649332682291,0.0071114884
2019-05-26 06:50:00,7.724761962890625e-05,0.004960465
2019-05-26 06:55:00,0.0030595064163208,0.0038739732
2019-05-26 07:00:00,0.0060417652130126,0.006008547
2019-05-26 07:05:00,0.0090240240097045,0.008018462
2019-05-26 07:10:00,0.012006282806396398,0.010016547
2019-05-26 07:15:00,0.0092140436172485,0.012008944
2019-05-26 07:20:00,0.0064218044281005,0.009963952
2019-05-26 07:25:00,0.0036295652389526,0.008083057
2019-05-26 07:30:00,0.0008373260498046,0.006213452
2019-05-26 07:35:00,0.0001440048217773,0.0043499926
2019-05-26 07:40:00,0.0002680778503417,0.003951462
2019-05-26 07:45:00,0.0003921508789062,0.004066172
2019-05-26 07:50:00,0.0005162239074707,0.004154024
2019-05-26 07:55:00,0.0006402969360351,0.004237158
2019-05-26 08:00:00,0.0007643699645996,0.0043184045
2019-05-26 08:05:00,0.000888442993164,0.004399301
2019-05-26 08:10:00,0.0010125160217285,0.0044804527
2019-05-26 08:15:00,0.0011365890502929,0.0045620375
2019-05-26 08:20:00,0.0012606620788573998,0.0046440414
2019-05-26 08:25:00,0.0013847351074218,0.004726362
2019-05-26 08:30:00,0.0002632141113281,0.0048089046
2019-05-26 08:35:00,0.0052947998046875,0.0040229643
2019-05-26 08:40:00,0.0151875813802083,0.0075616725
2019-05-26 08:45:00,0.0250803629557291,0.014339836
2019-05-26 08:50:00,0.03497314453125,0.020978553
2019-05-26 08:55:00,0.026257038116455,0.027599363
2019-05-26 09:00:00,0.0175409317016601,0.021146115
2019-05-26 09:05:00,0.0088248252868652,0.015292905
2019-05-26 09:10:00,0.0001087188720703,0.009469349
2019-05-26 09:15:00,0.0001313686370849,0.003663282
2019-05-26 09:20:00,0.0001540184020996,0.003952832
2019-05-26 09:25:00,0.0001766681671142,0.003999317
2019-05-26 09:30:00,0.0001993179321289,0.004025221
2019-05-26 09:35:00,0.0002219676971435,0.004039409
2019-05-26 09:40:00,0.0002446174621582,0.0040496085
2019-05-26 09:45:00,0.0002672672271728,0.00405926
2019-05-26 09:50:00,0.0002899169921875,0.0040697153
2019-05-26 09:55:00,0.0003125667572021,0.004081331
2019-05-26 10:00:00,0.0003352165222167,0.004094009
2019-05-26 10:05:00,0.00035786628723139994,0.0041075153
2019-05-26 10:10:00,0.000380516052246,0.004121605
2019-05-26 10:15:00,0.0016040802001953,0.0041360683
2019-05-26 10:20:00,0.0028276443481445,0.004988186
2019-05-26 10:25:00,0.0040512084960937,0.005809065
2019-05-26 10:30:00,0.0005264282226562,0.006627506
2019-05-26 10:35:00,0.01580810546875,0.0041322266
2019-05-26 10:40:00,0.0007686614990234,0.014890531
2019-05-26 10:45:00,0.0148557775160845,0.0039719623
2019-05-26 10:50:00,0.002227783203125,0.014199095
2019-05-26 10:55:00,0.0053700711151069,0.0050067464
2019-05-26 11:00:00,0.0085123590270888,0.00753713
2019-05-26 11:05:00,0.0116546469390707,0.009662787
2019-05-26 11:10:00,0.0147969348510526,0.01177649
2019-05-26 11:15:00,0.0179392227630346,0.0138798505
2019-05-26 11:20:00,0.0210815106750165,0.015979543
2019-05-26 11:25:00,0.0242237985869984,0.01807848
2019-05-26 11:30:00,0.009552001953125,0.020177804
2019-05-26 11:35:00,0.00906982421875,0.0098035615
2019-05-26 11:40:00,0.008587646484375,0.009897515
2019-05-26 11:45:00,0.00810546875,0.009600111
2019-05-26 11:50:00,0.007623291015625,0.009294078
2019-05-26 11:55:00,0.00714111328125,0.008977192
2019-05-26 12:00:00,0.005950927734375,0.008655555
2019-05-26 12:05:00,0.0047607421875,0.0078375535
2019-05-26 12:10:00,0.003570556640625,0.007038803
2019-05-26 12:15:00,0.00238037109375,0.006241454
2019-05-26 12:20:00,0.001190185546875,0.005444956
2019-05-26 12:25:00,0.0,0.004648754
2019-05-26 12:30:00,0.0013961791992187,0.0038525756
2019-05-26 12:35:00,0.0027923583984375,0.004859969
2019-05-26 12:40:00,0.0041885375976562,0.0057990393
2019-05-26 12:45:00,0.005584716796875,0.0067328885
2019-05-26 12:50:00,0.0069808959960937,0.0076642036
2019-05-26 12:55:00,0.0083770751953125,0.008595366
2019-05-26 13:00:00,0.0097732543945312,0.009526976
2019-05-26 13:05:00,0.01116943359375,0.01045923
2019-05-26 13:10:00,0.0125656127929687,0.01139207
2019-05-26 13:15:00,0.0139617919921875,0.012325357
2019-05-26 13:20:00,0.0127716064453125,0.013258954
2019-05-26 13:25:00,8.869171142578125e-05,0.01238397
2019-05-26 13:30:00,0.000533103942871,0.003556174
2019-05-26 13:35:00,0.0002498626708984,0.004220917
2019-05-26 13:40:00,0.0011599858601888,0.004038719
2019-05-26 13:45:00,0.0020701090494791,0.0046933084
2019-05-26 13:50:00,0.0029802322387695,0.00530661
2019-05-26 13:55:00,0.01263427734375,0.0059138574
2019-05-26 14:00:00,0.0095326900482177,0.012624609
2019-05-26 14:05:00,0.0064311027526855,0.010186184
2019-05-26 14:10:00,0.0033295154571533,0.008085666
2019-05-26 14:15:00,0.000227928161621,0.006002737
2019-05-26 14:20:00,0.0071868896484375,0.003930861
2019-05-26 14:25:00,0.0001993179321289,0.008880647
2019-05-26 14:30:00,0.017974853515625,0.0038280867
2019-05-26 14:35:00,0.0136694908142089,0.016420007
2019-05-26 14:40:00,0.0093641281127929,0.012924699
2019-05-26 14:45:00,0.0050587654113769,0.010010774
2019-05-26 14:50:00,0.0007534027099609,0.0071186107
2019-05-26 14:55:00,0.0261777242024739,0.0042426395
2019-05-26 15:00:00,0.0516020456949869,0.022142215
2019-05-26 15:05:00,0.0770263671875,0.03770402
2019-05-26 15:10:00,0.0396575927734375,0.046639368
2019-05-26 15:15:00,0.002288818359375,0.028956316
2019-05-26 15:20:00,0.01495361328125,0.004095128
2019-05-26 15:25:00,0.009185791015625,0.0141471615
2019-05-26 15:30:00,0.0107879638671875,0.009847415
2019-05-26 15:35:00,0.0114364624023437,0.011170836
2019-05-26 15:40:00,0.0120849609375,0.011590413
2019-05-26 15:45:00,0.0127334594726562,0.012023051
2019-05-26 15:50:00,0.0133819580078125,0.012449572
2019-05-26 15:55:00,0.024627685546875,0.012875635
2019-05-26 16:00:00,0.0201416015625,0.020721875
2019-05-26 16:05:00,0.0132203102111816,0.01723639
2019-05-26 16:10:00,0.0062990188598632,0.012506489
2019-05-26 16:15:00,0.0036973618624503,0.007870045
2019-05-26 16:20:00,0.0010957048650373,0.0062657795
2019-05-26 16:25:00,0.0046536008218177,0.0045433603
2019-05-26 16:30:00,0.0082114967785981,0.0071110683
2019-05-26 16:35:00,0.0117693927353784,0.0095074745
2019-05-26 16:40:00,0.0153272886921588,0.011888561
2019-05-26 16:45:00,0.0188851846489392,0.014262652
2019-05-26 16:50:00,0.0224430806057196,0.016635517
2019-05-26 16:55:00,0.026000976562500003,0.019009363
2019-05-26 17:00:00,0.0142974853515625,0.021384466
2019-05-26 17:05:00,0.0102157592773437,0.013067391
2019-05-26 17:10:00,0.006134033203125,0.01055985
2019-05-26 17:15:00,0.0020523071289062,0.007844798
2019-05-26 17:20:00,0.03082275390625,0.0051310924
2019-05-26 17:25:00,0.02386474609375,0.025381334
2019-05-26 17:30:00,0.0,0.01967719
2019-05-26 17:35:00,8.131663004557292e-05,0.0031528124
2019-05-26 17:40:00,0.0001626332600911,0.0038866913
2019-05-26 17:45:00,0.0002439498901367,0.003985047
2019-05-26 17:50:00,0.0003252665201822,0.004063575
2019-05-26 17:55:00,0.0004065831502278,0.0041234405
2019-05-26 18:00:00,0.0004878997802734,0.0041756774
2019-05-26 18:05:00,0.0003516515096028,0.0042255805
2019-05-26 18:10:00,0.0002154032389322,0.0041237343
2019-05-26 18:15:00,7.915496826171875e-05,0.004028433
2019-05-26 18:20:00,0.0015724182128906,0.003934506
2019-05-26 18:25:00,0.0030656814575195,0.0049778842
2019-05-26 18:30:00,0.0045589447021484,0.0059793177
2019-05-26 18:35:00,0.0060522079467773,0.006977704
2019-05-26 18:40:00,0.0075454711914062,0.007974821
2019-05-26 18:45:00,0.0076181512129934,0.008971869
2019-05-26 18:50:00,0.0076908312345805,0.008977168
2019-05-26 18:55:00,0.0077635112561677,0.009021851
2019-05-26 19:00:00,0.0078361912777549,0.009069747
2019-05-26 19:05:00,0.0079088712993421,0.009119381
2019-05-26 19:10:00,0.0079815513209292,0.009169426
2019-05-26 19:15:00,0.0080542313425164,0.009219381
2019-05-26 19:20:00,0.0081269113641036,0.0092690885
2019-05-26 19:25:00,0.0081995913856907,0.009318222
2019-05-26 19:30:00,0.0082722714072779,0.009367241
2019-05-26 19:35:00,0.0083449514288651,0.0094163595
2019-05-26 19:40:00,0.0084176314504523,0.009465355
2019-05-26 19:45:00,0.0084903114720394,0.009514274
2019-05-26 19:50:00,0.0085629914936266,0.009563143
2019-05-26 19:55:00,0.0086356715152138,0.009611983
2019-05-26 20:00:00,0.0087083515368009,0.009660801
2019-05-26 20:05:00,0.008781031558388098,0.009709603
2019-05-26 20:10:00,0.0088537115799753,0.009758395
2019-05-26 20:15:00,0.008926391601562502,0.009807175
2019-05-26 20:20:00,0.0082650551429161,0.009855946
2019-05-26 20:25:00,0.0076037186842697994,0.009391872
2019-05-26 20:30:00,0.0069423822256234,0.008948357
2019-05-26 20:35:00,0.0062810457669771,0.008506196
2019-05-26 20:40:00,0.0056197093083308,0.008064648
2019-05-26 20:45:00,0.0049583728496844,0.0076231244
2019-05-26 20:50:00,0.0042970363910381,0.007181424
2019-05-26 20:55:00,0.0036356999323918,0.006739494
2019-05-26 21:00:00,0.0029743634737454,0.006297352
2019-05-26 21:05:00,0.0023130270150991,0.0058550374
2019-05-26 21:10:00,0.0016516905564528,0.0054125898
2019-05-26 21:15:00,0.0009903540978064,0.0049700425
2019-05-26 21:20:00,0.0003290176391600999,0.0045274203
2019-05-26 21:25:00,0.0005643027169363,0.004084737
2019-05-26 21:30:00,0.0007995877947126,0.004267233
2019-05-26 21:35:00,0.0010348728724887998,0.004426093
2019-05-26 21:40:00,0.001270157950265,0.0045831073
2019-05-26 21:45:00,0.0015054430280412,0.00473932
2019-05-26 21:50:00,0.0017407281058175,0.0048954533
2019-05-26 21:55:00,0.0019760131835937,0.005051779
2019-05-26 22:00:00,0.0,0.00520836
2019-05-26 22:05:00,0.001237620478091,0.0038229895
2019-05-26 22:10:00,0.0011415688887886,0.004737157
2019-05-26 22:15:00,0.0010455172994862,0.004641443
2019-05-26 22:20:00,0.0009494657101838,0.00457621
2019-05-26 22:25:00,0.0008534141208814,0.004511125
2019-05-26 22:30:00,0.000757362531579,0.0044465256
2019-05-26 22:35:00,0.0006613109422766,0.0043821316
2019-05-26 22:40:00,0.0005652593529742,0.0043178196
2019-05-26 22:45:00,0.0004692077636718,0.004253532
2019-05-26 22:50:00,0.03350830078125,0.0041892426
2019-05-26 22:55:00,0.032562255859375,0.027285226
2019-05-26 23:00:00,0.0316162109375,0.02567549
2019-05-26 23:05:00,0.030670166015625,0.024982398
2019-05-26 23:10:00,0.0310345274029356,0.02432153
2019-05-26 23:15:00,0.0313988887902462,0.024607688
2019-05-26 23:20:00,0.0317632501775568,0.024861358
2019-05-26 23:25:00,0.0321276115648674,0.02511498
2019-05-26 23:30:00,0.032491972952178,0.025366245
2019-05-26 23:35:00,0.0328563343394886,0.025615329
2019-05-26 23:40:00,0.0002508163452148,0.02586268
2019-05-26 23:45:00,0.02056884765625,0.0030031898
2019-05-26 23:50:00,0.0115795135498046,0.018208792
2019-05-26 23:55:00,0.0025901794433593,0.011384655
2019-05-27 00:00:00,0.0022928755679448,0.005366212
2019-05-27 00:05:00,0.0019955716925302,0.005415431
2019-05-27 00:10:00,0.0016982678171157,0.0052334247
2019-05-27 00:15:00,0.0014009639417011,0.005039323
2019-05-27 00:20:00,0.0011036600662866,0.0048375586
2019-05-27 00:25:00,0.000806356190872,0.004633597
2019-05-27 00:30:00,0.0005090523154575,0.0044297045
2019-05-27 00:35:00,0.0003506088451066,0.0042266725
2019-05-27 00:40:00,0.0001921653747558,0.0041214516
2019-05-27 00:45:00,0.0032386779785156,0.004013392
2019-05-27 00:50:00,0.0024147033691406,0.0061409194
2019-05-27 00:55:00,0.0037012100219726,0.005484088
2019-05-27 01:00:00,0.004987716674804599,0.0063959705
2019-05-27 01:05:00,0.0062742233276367,0.0072570723
2019-05-27 01:10:00,0.0075607299804687,0.008117205
2019-05-27 01:15:00,0.0093806385993957,0.008976589
2019-05-27 01:20:00,0.0075045108795166,0.010208527
2019-05-27 01:25:00,0.0056283831596374,0.008844088
2019-05-27 01:30:00,0.0037522554397583,0.007581915
2019-05-27 01:35:00,0.0018761277198791,0.0063265665
2019-05-27 01:40:00,0.0,0.005074582
2019-05-27 01:45:00,0.0002517700195312,0.0038234307
2019-05-27 01:50:00,0.0012313842773437,0.004055152
2019-05-27 01:55:00,0.0022109985351562,0.0047374596
2019-05-27 02:00:00,0.0031906127929687,0.0053956513
2019-05-27 02:05:00,0.0041702270507812,0.0060498132
2019-05-27 02:10:00,0.0051498413085937,0.00670268
2019-05-27 02:15:00,0.0114428202311197,0.007355619
2019-05-27 02:20:00,0.0177357991536458,0.011719733
2019-05-27 02:25:00,0.0240287780761718,0.015942726
2019-05-27 02:30:00,0.0303217569986979,0.020154553
2019-05-27 02:35:00,0.0366147359212239,0.024361072
2019-05-27 02:40:00,0.04290771484375,0.028566383
2019-05-27 02:45:00,0.0341415405273437,0.032741565
2019-05-27 02:50:00,0.0253753662109375,0.026385523
2019-05-27 02:55:00,0.0166091918945312,0.020517755
2019-05-27 03:00:00,0.007843017578125,0.014669285
2019-05-27 03:05:00,0.0076789855957031,0.008833469
2019-05-27 03:10:00,0.0075149536132812,0.009007467
2019-05-27 03:15:00,0.0073509216308593,0.008926444
2019-05-27 03:20:00,0.0071868896484375,0.008826431
2019-05-27 03:25:00,0.0037436485290527,0.008715039
2019-05-27 03:30:00,0.0003004074096679,0.0063096937
2019-05-27 03:35:00,6.29425048828125e-05,0.0039964686
2019-05-27 03:40:00,0.0117034912109375,0.0039256588
2019-05-27 03:45:00,0.017120361328125,0.012064054
2019-05-27 03:50:00,0.0272420247395833,0.01553508
2019-05-27 03:55:00,0.0373636881510416,0.022441573
2019-05-27 04:00:00,0.0474853515625,0.029214708
2019-05-27 04:05:00,0.0398162841796875,0.035736416
2019-05-27 04:10:00,0.032147216796875,0.030210702
2019-05-27 04:15:00,0.0244781494140625,0.025071898
2019-05-27 04:20:00,0.01680908203125,0.01995112
2019-05-27 04:25:00,0.0091400146484375,0.014847231
2019-05-27 04:30:00,0.0058285168239048,0.009745196
2019-05-27 04:35:00,0.0025170189993722,0.007684205
2019-05-27 04:40:00,0.0016647747584751,0.0054893135
2019-05-27 04:45:00,0.0008125305175780998,0.004999193
2019-05-27 04:50:00,0.0016649034288194,0.0044338116
2019-05-27 04:55:00,0.0025172763400607,0.005050375
2019-05-27 05:00:00,0.003369649251302,0.0056183706
2019-05-27 05:05:00,0.0042220221625434,0.006182951
2019-05-27 05:10:00,0.0050743950737847,0.0067469464
2019-05-27 05:15:00,0.005926767985026,0.007311924
2019-05-27 05:20:00,0.0067791408962673,0.007878244
2019-05-27 05:25:00,0.0076315138075086,0.008445778
2019-05-27 05:30:00,0.00848388671875,0.009014276
2019-05-27 05:35:00,0.0016098022460937,0.009583444
2019-05-27 05:40:00,0.0012040138244628,0.004758485
2019-05-27 05:45:00,0.000798225402832,0.0046609216
2019-05-27 05:50:00,0.0004572868347167,0.0044018202
2019-05-27 05:55:00,0.0001163482666015,0.0041820244
2019-05-27 06:00:00,0.0003582000732421,0.0039554057
2019-05-27 06:05:00,0.0006000518798828,0.004132823
2019-05-27 06:10:00,0.0008419036865234,0.004294242
2019-05-27 06:15:00,0.001083755493164,0.004454456
2019-05-27 06:20:00,0.0013256072998046,0.004614412
2019-05-27 06:25:00,0.0167760848999023,0.0047746454
2019-05-27 06:30:00,0.0322265625,0.015554403
2019-05-27 06:35:00,0.0268722534179687,0.025947055
2019-05-27 06:40:00,0.0215179443359375,0.02169468
2019-05-27 06:45:00,0.0161636352539062,0.018071363
2019-05-27 06:50:00,0.010809326171875,0.014481388
2019-05-27 06:55:00,0.0054550170898437,0.01091246
2019-05-27 07:00:00,0.0,0.0073487773
2019-05-27 07:05:00,1.8861558702256945e-05,0.0037136471
2019-05-27 07:10:00,3.772311740451389e-05,0.0038952169
2019-05-27 07:15:00,5.658467610677083e-05,0.003925171
2019-05-27 07:20:00,7.544623480902778e-05,0.0039418396
2019-05-27 07:25:00,9.430779351128472e-05,0.003951588
2019-05-27 07:30:00,0.0001131693522135,0.003959393
2019-05-27 07:35:00,0.00013203091091570001,0.0039673573
2019-05-27 07:40:00,0.000150892469618,0.0039762966
2019-05-27 07:45:00,0.0001697540283203,0.0039862334
2019-05-27 07:50:00,0.0015071233113606,0.0039970158
2019-05-27 07:55:00,0.002844492594401,0.0049278415
2019-05-27 08:00:00,0.0041818618774414,0.00582469
2019-05-27 08:05:00,0.0055192311604817,0.006719054
2019-05-27 08:10:00,0.0068566004435221,0.007612381
2019-05-27 08:15:00,0.0081939697265625,0.008505658
2019-05-27 08:20:00,0.0015048777803461,0.009399227
2019-05-27 08:25:00,0.0012143926417573,0.004689708
2019-05-27 08:30:00,0.0009239075031686,0.0046656444
2019-05-27 08:35:00,0.0006334223645798,0.004483527
2019-05-27 08:40:00,0.0003429372259911,0.004296117
2019-05-27 08:45:00,5.245208740234375e-05,0.004103937
2019-05-27 08:50:00,0.01690673828125,0.003909676
2019-05-27 08:55:00,0.01116943359375,0.015683966
2019-05-27 09:00:00,0.0447998046875,0.011209851
2019-05-27 09:05:00,0.0341851711273193,0.034482263
2019-05-27 09:10:00,0.0235705375671386,0.02640276
2019-05-27 09:15:00,0.012955904006958,0.019259276
2019-05-27 09:20:00,0.0023412704467773,0.012152999
2019-05-27 09:25:00,0.0015939076741536,0.0050803917
2019-05-27 09:30:00,0.0008465449015299,0.0048979735
2019-05-27 09:35:00,9.918212890625e-05,0.0044357474
2019-05-27 09:40:00,0.0002283368791852,0.0039510247
2019-05-27 09:45:00,0.0003574916294642,0.004063865
2019-05-27 09:50:00,0.0004866463797433,0.004148156
2019-05-27 09:55:00,0.0006158011300223,0.0042294213
2019-05-27 10:00:00,0.0007449558803013,0.0043103304
2019-05-27 10:05:00,0.0008741106305803,0.0043921177
2019-05-27 10:10:00,0.0010032653808593,0.0044750636
2019-05-27 10:15:00,0.0027643839518229,0.00455905
2019-05-27 10:20:00,0.004525502522786399,0.005782095
2019-05-27 10:25:00,0.00628662109375,0.006962965
2019-05-27 10:30:00,0.0064529418945312,0.008140792
2019-05-27 10:35:00,0.0066192626953125,0.008203848
2019-05-27 10:40:00,0.0067855834960937,0.008310129
2019-05-27 10:45:00,0.006951904296875,0.008419987
2019-05-27 10:50:00,0.0071182250976562,0.008531743
2019-05-27 10:55:00,0.0002899169921875,0.008643895
2019-05-27 11:00:00,0.0111923217773437,0.0038740502
2019-05-27 11:05:00,0.0220947265625,0.011668788
2019-05-27 11:10:00,0.0112209320068359,0.019011585
2019-05-27 11:15:00,0.0003471374511718,0.011070975
2019-05-27 11:20:00,0.0013990402221679,0.0037679495
2019-05-27 11:25:00,0.002450942993164,0.0048104743
2019-05-27 11:30:00,0.0035028457641601,0.005546953
2019-05-27 11:35:00,0.0045547485351562,0.006265245
2019-05-27 11:40:00,0.0,0.006971403
2019-05-27 11:45:00,0.0021476745605467995,0.0037606484
2019-05-27 11:50:00,0.0,0.005374928
2019-05-27 11:55:00,0.0184733072916666,0.0038261334
2019-05-27 12:00:00,0.0369466145833333,0.016780445
2019-05-27 12:05:00,0.055419921875,0.029216327
2019-05-27 12:10:00,0.0313720703125,0.03892005
2019-05-27 12:15:00,0.00732421875,0.024002437
2019-05-27 12:20:00,0.0063028335571289,0.007937138
2019-05-27 12:25:00,0.0052814483642578,0.007978826
2019-05-27 12:30:00,0.0042600631713867,0.0073626195
2019-05-27 12:35:00,0.0032386779785156,0.006716698
2019-05-27 12:40:00,0.010009765625,0.0060450034
2019-05-27 12:45:00,0.0211335367231226,0.010804202
2019-05-27 12:50:00,0.0322573078212453,0.018395446
2019-05-27 12:55:00,0.025172067518851,0.02585039
2019-05-27 13:00:00,0.0180868272164567,0.020503458
2019-05-27 13:05:00,0.0110015869140625,0.015730869
2019-05-27 13:10:00,0.0056052207946777,0.01098848
2019-05-27 13:15:00,0.0002088546752929,0.0074448823
2019-05-27 13:20:00,0.0037025368731954,0.0038554217
2019-05-27 13:25:00,0.0003700256347656,0.0064632213
2019-05-27 13:30:00,0.0035400390625,0.0040611913
2019-05-27 13:35:00,0.002115249633789,0.0063600815
2019-05-27 13:40:00,0.0006904602050781,0.0052814526
2019-05-27 13:45:00,0.0045700073242187,0.0043171295
2019-05-27 13:50:00,0.0039812723795572,0.007057815
2019-05-27 13:55:00,0.0033925374348958,0.0065434203
2019-05-27 14:00:00,0.0028038024902343,0.0061395476
2019-05-27 14:05:00,0.001558780670166,0.0057404824
2019-05-27 14:10:00,0.0003137588500976,0.004887113
2019-05-27 14:15:00,0.0015263557434082,0.004053103
2019-05-27 14:20:00,0.0027389526367187,0.0049348013
2019-05-27 14:25:00,0.0013694763183593,0.0057523693
2019-05-27 14:30:00,0.0,0.004763435
2019-05-27 14:35:00,0.0001096725463867,0.003840792
2019-05-27 14:40:00,0.0002193450927734,0.003953985
2019-05-27 14:45:00,0.0003290176391600999,0.0040306943
2019-05-27 14:50:00,0.0004386901855468,0.0041049495
2019-05-27 14:55:00,0.0005483627319335,0.0041777417
2019-05-27 15:00:00,0.0006580352783203,0.0042501944
2019-05-27 15:05:00,0.0010859171549479,0.004322702
2019-05-27 15:10:00,0.0015137990315755,0.0046173073
2019-05-27 15:15:00,0.0019416809082031,0.0049037826
2019-05-27 15:20:00,0.02984619140625,0.0051897927
2019-05-27 15:25:00,0.0150566101074218,0.024679951
2019-05-27 15:30:00,0.0002670288085937,0.013523846
2019-05-27 15:35:00,0.0008411407470703,0.0035878695
2019-05-27 15:40:00,0.0014152526855467998,0.0044030673
2019-05-27 15:45:00,0.0135097503662109,0.0048280247
2019-05-27 15:50:00,0.025604248046875,0.013277101
2019-05-27 15:55:00,0.0198259353637695,0.021412915
2019-05-27 16:00:00,0.014047622680664,0.016983636
2019-05-27 16:05:00,0.0082693099975585,0.013081309
2019-05-27 16:10:00,0.0024909973144531,0.00920824
2019-05-27 16:15:00,0.0061054229736328,0.005353156
2019-05-27 16:20:00,0.0097198486328125,0.008057147
2019-05-27 16:25:00,0.0002431869506835,0.010504415
2019-05-27 16:30:00,0.0019570589065551,0.0037868929
2019-05-27 16:35:00,0.0036709308624267,0.0052327123
2019-05-27 16:40:00,0.0053848028182983,0.006395435
2019-05-27 16:45:00,0.0070986747741699,0.007547877
2019-05-27 16:50:00,0.0047852198282877,0.008692859
2019-05-27 16:55:00,0.0024717648824055,0.007023433
2019-05-27 17:00:00,0.0001583099365234,0.005465091
2019-05-27 17:05:00,0.0021469116210937,0.0039152787
2019-05-27 17:10:00,0.004135513305664001,0.0053698486
2019-05-27 17:15:00,0.0061241149902343,0.006712001
2019-05-27 17:20:00,0.0081127166748046,0.008045089
2019-05-27 17:25:00,0.010101318359374998,0.009373323
2019-05-27 17:30:00,0.0027542114257812,0.010700575
2019-05-27 17:35:00,0.0014481544494628,0.0055080024
2019-05-27 17:40:00,0.0001420974731445,0.0047930093
2019-05-27 17:45:00,0.0002894401550292,0.0039299773
2019-05-27 17:50:00,0.000436782836914,0.0040773214
2019-05-27 17:55:00,0.00676340635131,0.0041820537
2019-05-27 18:00:00,0.013090029865706,0.008592994
2019-05-27 18:05:00,0.019416653380102,0.012841422
2019-05-27 18:10:00,0.0087548458214962,0.017075475
2019-05-27 18:15:00,0.007778149662595799,0.00941619
2019-05-27 18:20:00,0.0068014535036954,0.009023499
2019-05-27 18:25:00,0.0058247573447949,0.008382778
2019-05-27 18:30:00,0.0048480611858945,0.0077413325
2019-05-27 18:35:00,0.0038713650269941,0.00709443
2019-05-27 18:40:00,0.0028946688680937,0.006444454
2019-05-27 18:45:00,0.0019179727091933,0.0057926993
2019-05-27 18:50:00,0.0009412765502929,0.005139942
2019-05-27 18:55:00,8.20159912109375e-05,0.0044866777
2019-05-27 19:00:00,0.023284912109375,0.003915057
2019-05-27 19:05:00,0.025604248046875,0.020147374
2019-05-27 19:10:00,0.0215701245247049,0.021124093
2019-05-27 19:15:00,0.0175360010025349,0.018183118
2019-05-27 19:20:00,0.0135018774803648,0.015456271
2019-05-27 19:25:00,0.0094677539581948,0.012756365
2019-05-27 19:30:00,0.0,0.010068469
2019-05-27 19:35:00,0.017730712890625,0.003589163
2019-05-27 19:40:00,0.03546142578125,0.0162536
2019-05-27 19:45:00,0.053192138671875,0.028209005
2019-05-27 19:50:00,0.0709228515625,0.038286105
2019-05-27 19:55:00,0.0139617919921875,0.044835955
2019-05-27 20:00:00,0.0045852661132812,0.011138365
2019-05-27 20:05:00,0.0055732727050781,0.0065453527
2019-05-27 20:10:00,0.006561279296875,0.007574745
2019-05-27 20:15:00,0.004460334777832,0.008314513
2019-05-27 20:20:00,0.002359390258789,0.0068454933
2019-05-27 20:25:00,0.000258445739746,0.0054379418
2019-05-27 20:30:00,0.0016750706185539,0.004026334
2019-05-27 20:35:00,0.0030916954973618,0.005068951
2019-05-27 20:40:00,0.0045083203761697,0.0060185
2019-05-27 20:45:00,0.0198974609375,0.0069622123
2019-05-27 20:50:00,0.02362060546875,0.017668629
2019-05-27 20:55:00,0.027343750000000003,0.019831918
2019-05-27 21:00:00,0.03106689453125,0.022295974
2019-05-27 21:05:00,0.0266478402273995,0.024770563
2019-05-27 21:10:00,0.0222287859235491,0.021541348
2019-05-27 21:15:00,0.0178097316196986,0.018577702
2019-05-27 21:20:00,0.0133906773158482,0.01562817
2019-05-27 21:25:00,0.0089716230119977,0.012686079
2019-05-27 21:30:00,0.0045525687081473,0.00974425
2019-05-27 21:35:00,0.0001335144042968,0.0068001733
2019-05-27 21:40:00,0.0017948150634765,0.003852972
2019-05-27 21:45:00,0.0034561157226562,0.0051441854
2019-05-27 21:50:00,0.0025491714477539,0.006269106
2019-05-27 21:55:00,0.0016422271728515,0.0055879964
2019-05-27 22:00:00,0.0013648986816406,0.0049707307
2019-05-27 22:05:00,0.0010875701904296,0.0047967318
2019-05-27 22:10:00,0.0008102416992187,0.0046090283
2019-05-27 22:15:00,0.0005329132080078,0.00442172
2019-05-27 22:20:00,0.0002555847167968,0.004234714
2019-05-27 22:25:00,0.0003616333007812,0.0040480425
2019-05-27 22:30:00,0.0004676818847656,0.004128963
2019-05-27 22:35:00,0.0005737304687499,0.004199975
2019-05-27 22:40:00,0.0006797790527343,0.0042702965
2019-05-27 22:45:00,0.0007858276367187,0.004340335
2019-05-27 22:50:00,0.0008918762207031,0.004410231
2019-05-27 22:55:00,0.0009979248046875,0.0044802236
2019-05-27 23:00:00,0.0011039733886718,0.004550341
2019-05-27 23:05:00,0.0012100219726562,0.0046205753
2019-05-27 23:10:00,0.0013160705566406,0.0046909866
2019-05-27 23:15:00,0.0008970896402994,0.0047615482
2019-05-27 23:20:00,0.0004781087239583,0.0044660834
2019-05-27 23:25:00,5.91278076171875e-05,0.0041845636
2019-05-27 23:30:00,7.2479248046875e-05,0.0039041888
2019-05-27 23:35:00,0.0134687423706054,0.003925763
2019-05-27 23:40:00,0.0063858032226562,0.013276488
2019-05-27 23:45:00,0.0048165321350097,0.007965017
2019-05-27 23:50:00,0.0032472610473632,0.0070411754
2019-05-27 23:55:00,0.0016779899597167002,0.005990496
2019-05-28 00:00:00,0.0001087188720703,0.004946045
2019-05-28 00:05:00,0.0011954307556152,0.0039012253
2019-05-28 00:10:00,0.0013621648152669,0.004707381
2019-05-28 00:15:00,0.0015288988749186,0.0048007714
2019-05-28 00:20:00,0.0016956329345703,0.0049120057
2019-05-28 00:25:00,0.0035641988118489,0.0050220303
2019-05-28 00:30:00,0.0054327646891276,0.00631932
2019-05-28 00:35:00,0.0073013305664062,0.0075720567
2019-05-28 00:40:00,0.0011711120605468,0.008821586
2019-05-28 00:45:00,0.0224609375,0.004486371
2019-05-28 00:50:00,0.003556034781716,0.019519174
2019-05-28 00:55:00,0.0032237876545299,0.005713141
2019-05-28 01:00:00,0.0028915405273437,0.0059912903
2019-05-28 01:05:00,0.0050079345703125,0.0057874853
2019-05-28 01:10:00,0.0071243286132812,0.007289356
2019-05-28 01:15:00,0.00924072265625,0.00871634
2019-05-28 01:20:00,0.0113571166992187,0.010134067
2019-05-28 01:25:00,0.0134735107421875,0.011547672
2019-05-28 01:30:00,0.0068650245666503,0.012960339
2019-05-28 01:35:00,0.0002565383911132,0.008274631
2019-05-28 01:40:00,0.0065979957580566,0.0038423813
2019-05-28 01:45:00,0.012939453125,0.008458542
2019-05-28 01:50:00,0.0104522705078125,0.012738253
2019-05-28 01:55:00,0.007965087890625,0.010818101
2019-05-28 02:00:00,0.0073605378468831,0.009134495
2019-05-28 02:05:00,0.0067559878031412,0.008778929
2019-05-28 02:10:00,0.0061514377593994,0.008378905
2019-05-28 02:15:00,0.0055468877156575,0.007977987
2019-05-28 02:20:00,0.0049423376719156,0.0075756013
2019-05-28 02:25:00,0.0043377876281738,0.0071723177
2019-05-28 02:30:00,0.0037332375844319,0.006768461
2019-05-28 02:35:00,0.0031286875406901,0.0063642506
2019-05-28 02:40:00,0.0025241374969482,0.0059598237
2019-05-28 02:45:00,0.0019195874532063,0.0055553415
2019-05-28 02:50:00,0.0013150374094645,0.0051505687
2019-05-28 02:55:00,0.0007104873657226,0.004745962
2019-05-28 03:00:00,0.0037922859191894,0.004341319
2019-05-28 03:05:00,0.0068740844726562,0.00650796
2019-05-28 03:10:00,0.0008296966552734,0.008577905
2019-05-28 03:15:00,0.0100027864629572,0.004269584
2019-05-28 03:20:00,0.0129468728464545,0.010824751
2019-05-28 03:25:00,0.0097082997044772,0.012641938
2019-05-28 03:30:00,0.0064697265625,0.01028245
2019-05-28 03:35:00,0.00811767578125,0.008099751
2019-05-28 03:40:00,0.0002908706665039,0.009343574
2019-05-28 03:45:00,0.0155487060546875,0.0038443615
2019-05-28 03:50:00,0.0145195007324218,0.014714022
2019-05-28 03:55:00,0.0134902954101562,0.0135895545
2019-05-28 04:00:00,0.0124610900878906,0.01287793
2019-05-28 04:05:00,0.011431884765625,0.012177334
2019-05-28 04:10:00,0.0104026794433593,0.0114874635
2019-05-28 04:15:00,0.0093734741210937,0.010801557
2019-05-28 04:20:00,0.0083442687988281,0.010116637
2019-05-28 04:25:00,0.0073150634765625,0.009431439
2019-05-28 04:30:00,0.0062858581542968,0.008745555
2019-05-28 04:35:00,0.0052566528320312,0.008058947
2019-05-28 04:40:00,0.0027656555175781,0.007371723
2019-05-28 04:45:00,0.000274658203125,0.0056636897
2019-05-28 04:50:00,0.0001897811889648,0.003995657
2019-05-28 04:55:00,0.0001049041748046,0.004007893
2019-05-28 05:00:00,5.245208740234375e-05,0.0039570625
2019-05-28 05:05:00,0.0,0.0039239805
2019-05-28 05:10:00,0.0001859664916992,0.0038874992
2019-05-28 05:15:00,0.0003719329833984,0.004016594
2019-05-28 05:20:00,0.0002598762512207,0.0041394145
2019-05-28 05:25:00,0.0001478195190429,0.0040542744
2019-05-28 05:30:00,0.0002894401550292,0.003977174
2019-05-28 05:35:00,0.0004310607910156,0.0040779123
2019-05-28 05:40:00,0.0006802876790364,0.0041725584
2019-05-28 05:45:00,0.0009295145670572,0.0043420596
2019-05-28 05:50:00,0.0011787414550781,0.0045084725
2019-05-28 05:55:00,0.0079803466796875,0.0046747066
2019-05-28 06:00:00,0.0056101481119791,0.0094128065
2019-05-28 06:05:00,0.0032399495442708005,0.0075746113
2019-05-28 06:10:00,0.0008697509765625,0.005971426
2019-05-28 06:15:00,0.0002002716064453,0.0043806727
2019-05-28 06:20:00,0.0012741088867187,0.0039832247
2019-05-28 06:25:00,0.001953125,0.0047583533
2019-05-28 06:30:00,0.0026321411132812,0.005208853
2019-05-28 06:35:00,0.0033111572265625,0.005663782
2019-05-28 06:40:00,0.0157979329427083,0.0061168233
2019-05-28 06:45:00,0.0282847086588541,0.01481607
2019-05-28 06:50:00,0.040771484375,0.023208575
2019-05-28 06:55:00,0.0044174194335937,0.031567235
2019-05-28 07:00:00,0.0028114318847656,0.0056546303
2019-05-28 07:05:00,0.0104084014892578,0.005625716
2019-05-28 07:10:00,0.01800537109375,0.011029718
2019-05-28 07:15:00,0.0306658474904186,0.016173657
2019-05-28 07:20:00,0.0156347616663518,0.024823936
2019-05-28 07:25:00,0.0006036758422851,0.013881546
2019-05-28 07:30:00,0.0091519355773925,0.003807407
2019-05-28 07:35:00,0.0177001953125,0.010214432
2019-05-28 07:40:00,0.008575439453125,0.015997788
2019-05-28 07:45:00,0.0109634399414062,0.009370603
2019-05-28 07:50:00,0.0133514404296875,0.011284469
2019-05-28 07:55:00,0.0157394409179687,0.012892237
2019-05-28 08:00:00,0.01812744140625,0.014494397
2019-05-28 08:05:00,0.0138983726501464,0.016090319
2019-05-28 08:10:00,0.0096693038940429,0.013052971
2019-05-28 08:15:00,0.0054402351379394,0.010213341
2019-05-28 08:20:00,0.0012111663818359,0.0073855817
2019-05-28 08:25:00,0.0013268788655598,0.0045640385
2019-05-28 08:30:00,0.0014425913492838,0.004773817
2019-05-28 08:35:00,0.0015583038330078,0.004864576
2019-05-28 08:40:00,0.000157356262207,0.0049452963
2019-05-28 08:45:00,0.0002155303955078,0.003962649
2019-05-28 08:50:00,0.0026512145996093,0.00403629
2019-05-28 08:55:00,0.0006322860717773,0.005732556
2019-05-28 09:00:00,0.0031089782714843,0.0042582336
2019-05-28 09:05:00,0.0026556650797526,0.0060323663
2019-05-28 09:10:00,0.0022023518880208,0.00565068
2019-05-28 09:15:00,0.001749038696289,0.0053416234
2019-05-28 09:20:00,0.0034920374552408,0.0050356565
2019-05-28 09:25:00,0.0052350362141927,0.0062641557
2019-05-28 09:30:00,0.0069780349731445,0.00743555
2019-05-28 09:35:00,0.0087210337320963,0.008602436
2019-05-28 09:40:00,0.0104640324910481,0.009767113
2019-05-28 09:45:00,0.01220703125,0.010931463
2019-05-28 09:50:00,0.0008344650268554,0.012096018
2019-05-28 09:55:00,0.0115494501023065,0.0040995385
2019-05-28 10:00:00,0.0023918151855468,0.011890214
2019-05-28 10:05:00,0.0020787375313895,0.0052228863
2019-05-28 10:10:00,0.0017656598772321,0.005249064
2019-05-28 10:15:00,0.0014525822230747,0.005050391
2019-05-28 10:20:00,0.0011395045689174,0.004847599
2019-05-28 10:25:00,0.00082642691476,0.004639733
2019-05-28 10:30:00,0.0005133492606026,0.0044297907
2019-05-28 10:35:00,0.0002002716064453,0.004219165
2019-05-28 10:40:00,0.003212547302246,0.0040084803
2019-05-28 10:45:00,0.0026432800292968,0.006117201
2019-05-28 10:50:00,0.0020740127563476,0.0056402422
2019-05-28 10:55:00,0.0015047454833984,0.005251579
2019-05-28 11:00:00,0.0009354782104492,0.0048674387
2019-05-28 11:05:00,0.0003662109375,0.004486251
2019-05-28 11:10:00,0.000274658203125,0.0041061253
2019-05-28 11:15:00,0.00018310546875,0.0040592924
2019-05-28 11:20:00,9.1552734375e-05,0.00399976
2019-05-28 11:25:00,0.0022989908854166,0.0039389804
2019-05-28 11:30:00,0.0045064290364583,0.0054807235
2019-05-28 11:35:00,0.0067138671875,0.0069623967
2019-05-28 11:40:00,0.0080413818359375,0.008439176
2019-05-28 11:45:00,0.009368896484375,0.00929939
2019-05-28 11:50:00,0.0071909427642822,0.010183233
2019-05-28 11:55:00,0.0050129890441894,0.008620798
2019-05-28 12:00:00,0.0028350353240966,0.007157527
2019-05-28 12:05:00,0.0006570816040039,0.00570167
2019-05-28 12:10:00,0.002777099609375,0.004249082
2019-05-28 12:15:00,0.0021079381306966,0.0057943948
2019-05-28 12:20:00,0.0014387766520182,0.005278935
2019-05-28 12:25:00,0.0007696151733398,0.004828069
2019-05-28 12:30:00,0.0132824691237917,0.0043780752
2019-05-28 12:35:00,0.0257953230742436,0.013130732
2019-05-28 12:40:00,0.0129377158584108,0.02154543
2019-05-28 12:45:00,8.0108642578125e-05,0.012150768
2019-05-28 12:50:00,9.822845458984376e-05,0.0035192943
2019-05-28 12:55:00,0.0011516595498109,0.0038992353
2019-05-28 13:00:00,0.002205090645032,0.0046708314
2019-05-28 13:05:00,0.0032585217402530996,0.005396071
2019-05-28 13:10:00,0.0031757415869297,0.0061057154
2019-05-28 13:15:00,0.0030929614336062,0.006015884
2019-05-28 13:20:00,0.0030101812802828,0.0059544984
2019-05-28 13:25:00,0.0029274011269592995,0.005895422
2019-05-28 13:30:00,0.0028446209736359,0.005838074
2019-05-28 13:35:00,0.0027618408203125,0.005781689
2019-05-28 13:40:00,0.0015208721160888,0.0057258126
2019-05-28 13:45:00,0.0002799034118652,0.004862247
2019-05-28 13:50:00,0.0093410015106201,0.004029818
2019-05-28 13:55:00,0.018402099609375,0.010387838
2019-05-28 14:00:00,0.0062789916992187,0.016480926
2019-05-28 14:05:00,0.0065536499023437,0.007730363
2019-05-28 14:10:00,0.0068283081054687,0.008243364
2019-05-28 14:15:00,0.0071029663085937,0.008441183
2019-05-28 14:20:00,0.0073776245117187,0.008636187
2019-05-28 14:25:00,0.0003166198730468,0.008824588
2019-05-28 14:30:00,0.0071868896484375,0.003889217
2019-05-28 14:35:00,0.0036983489990234,0.008874713
2019-05-28 14:40:00,0.0002098083496093,0.006267461
2019-05-28 14:45:00,0.000223159790039,0.0039212764
2019-05-28 14:50:00,0.0002365112304687,0.004025157
2019-05-28 14:55:00,0.0002498626708984,0.0040421393
2019-05-28 15:00:00,0.0039091110229492,0.0040539037
2019-05-28 15:05:00,0.007568359375,0.006605527
2019-05-28 15:10:00,0.0088043212890625,0.009061124
2019-05-28 15:15:00,0.010040283203125,0.009816012
2019-05-28 15:20:00,0.00030517578124999995,0.010633541
2019-05-28 15:25:00,0.0013563632965087,0.0037955577
2019-05-28 15:30:00,0.0024075508117675,0.0047909613
2019-05-28 15:35:00,0.0220947265625,0.0055158455
2019-05-28 15:40:00,0.030975341796875,0.019251108
2019-05-28 15:45:00,0.0001907348632812,0.024919633
2019-05-28 15:50:00,0.0002202987670898,0.0030620776
2019-05-28 15:55:00,0.0002498626708984,0.003957028
2019-05-28 16:00:00,0.000279426574707,0.004022848
2019-05-28 16:05:00,0.0003089904785156,0.0040728645
2019-05-28 16:10:00,0.0003385543823242,0.004102177
2019-05-28 16:15:00,0.0003681182861328,0.004122599
2019-05-28 16:20:00,0.0003976821899414,0.0041396585
2019-05-28 16:25:00,0.00042724609375000005,0.0041559744
2019-05-28 16:30:00,0.001082420349121,0.0041727084
2019-05-28 16:35:00,0.0017375946044921,0.0046263146
2019-05-28 16:40:00,0.0023927688598632,0.005064239
2019-05-28 16:45:00,0.0030479431152343,0.0055014663
2019-05-28 16:50:00,0.0093968709309895,0.0059385384
2019-05-28 16:55:00,0.0157457987467447,0.010350179
2019-05-28 17:00:00,0.0220947265625,0.014612534
2019-05-28 17:05:00,0.012550048828125,0.018862478
2019-05-28 17:10:00,0.00300537109375,0.01197856
2019-05-28 17:15:00,0.0046133104960123,0.005574756
2019-05-28 17:20:00,0.0062212498982747,0.006976964
2019-05-28 17:25:00,0.0078291893005371,0.0080856895
2019-05-28 17:30:00,0.0003608901326249,0.009175887
2019-05-28 17:35:00,0.0,0.0039169313
2019-05-28 17:40:00,0.0008344650268554,0.003862847
2019-05-28 17:45:00,0.0016689300537109,0.0044654706
2019-05-28 17:50:00,0.000218391418457,0.0050312085
2019-05-28 17:55:00,0.0032804012298583,0.003995942
2019-05-28 18:00:00,0.0063424110412597,0.006165782
2019-05-28 18:05:00,0.0094044208526611,0.008221535
2019-05-28 18:10:00,0.0124664306640625,0.010270274
2019-05-28 18:15:00,0.0111741805344485,0.012315715
2019-05-28 18:20:00,0.0098819304048345,0.011316701
2019-05-28 18:25:00,0.0075633204385135,0.010441594
2019-05-28 18:30:00,0.0052447104721926,0.008858753
2019-05-28 18:35:00,0.0029261005058717,0.0073096994
2019-05-28 18:40:00,0.0006074905395507,0.005763495
2019-05-28 18:45:00,0.0002589225769042,0.004217635
2019-05-28 18:50:00,0.05487060546875,0.0040446483
2019-05-28 18:55:00,0.0300559997558593,0.039285276
2019-05-28 19:00:00,0.0052413940429687,0.023191072
2019-05-28 19:05:00,0.0045961141586303,0.0065676006
2019-05-28 19:10:00,0.0039508342742919,0.0068500456
2019-05-28 19:15:00,0.0033055543899536,0.0064766873
2019-05-28 19:20:00,0.0026602745056152,0.006079543
2019-05-28 19:25:00,0.0020149946212768,0.005659664
2019-05-28 19:30:00,0.0013697147369384,0.0052296906
2019-05-28 19:35:00,0.0007244348526,0.0047957823
2019-05-28 19:40:00,7.915496826171875e-05,0.0043607717
2019-05-28 19:45:00,0.0067672729492187,0.003925906
2019-05-28 19:50:00,0.0002021789550781,0.00860783
2019-05-28 19:55:00,0.004358291625976501,0.003846599
2019-05-28 20:00:00,0.008514404296875,0.006907584
2019-05-28 20:05:00,0.0057112375895182,0.009704099
2019-05-28 20:10:00,0.0029080708821614,0.0076287044
2019-05-28 20:15:00,0.0001049041748046,0.0057383785
2019-05-28 20:20:00,0.0012617111206054,0.003859923
2019-05-28 20:25:00,0.0024185180664062,0.004749008
2019-05-28 20:30:00,0.0034441266741071,0.0055350387
2019-05-28 20:35:00,0.004469735281808,0.006221175
2019-05-28 20:40:00,0.0054953438895089,0.006906278
2019-05-28 20:45:00,0.0065209524972098,0.007590253
2019-05-28 20:50:00,0.0075465611049107,0.008274282
2019-05-28 20:55:00,0.0085721697126116,0.008958216
2019-05-28 21:00:00,0.009597778320312502,0.009643006
2019-05-28 21:05:00,0.0072412490844726,0.01032853
2019-05-28 21:10:00,0.0048847198486328,0.008651628
2019-05-28 21:15:00,0.0025281906127929,0.007069864
2019-05-28 21:20:00,0.0001716613769531,0.0054945634
2019-05-28 21:25:00,0.0012001991271972,0.003922214
2019-05-28 21:30:00,0.0001306533813476,0.004710592
2019-05-28 21:35:00,0.0001869201660156,0.0039451285
2019-05-28 21:40:00,0.0002431869506835,0.004012494
2019-05-28 21:45:00,0.014297008514404201,0.004050555
2019-05-28 21:50:00,0.028350830078124997,0.013857988
2019-05-28 21:55:00,0.0189911524454752,0.023308907
2019-05-28 22:00:00,0.0096314748128255,0.016304959
2019-05-28 22:05:00,0.0002717971801757,0.010005442
2019-05-28 22:10:00,0.0024056434631347,0.003743363
2019-05-28 22:15:00,0.0045394897460937,0.005516802
2019-05-28 22:20:00,0.0043741861979166,0.006982836
2019-05-28 22:25:00,0.0042088826497395,0.006820061
2019-05-28 22:30:00,0.0040435791015625,0.0067055738
2019-05-28 22:35:00,0.000248908996582,0.006590708
2019-05-28 22:40:00,0.0012149810791015,0.0039447234
2019-05-28 22:45:00,0.0017175674438476,0.004718161
2019-05-28 22:50:00,0.0022201538085937,0.0050493516
2019-05-28 22:55:00,0.010009765625,0.0053868736
2019-05-28 23:00:00,0.0093002319335937,0.010808317
2019-05-28 23:05:00,0.0085906982421875,0.010097975
2019-05-28 23:10:00,0.0062675476074218,0.009605202
2019-05-28 23:15:00,0.0039443969726562,0.007996251
2019-05-28 23:20:00,0.000166893005371,0.00643973
2019-05-28 23:25:00,0.0013847351074218,0.003874168
2019-05-28 23:30:00,0.0011227130889892,0.0048332997
2019-05-28 23:35:00,0.0008606910705566,0.004629769
2019-05-28 23:40:00,0.000598669052124,0.004455679
2019-05-28 23:45:00,0.0003366470336914,0.004279224
2019-05-28 23:50:00,0.0009779930114746,0.0041023064
2019-05-28 23:55:00,0.0016193389892578,0.0045553143
2019-05-29 00:00:00,0.004919687906901,0.004985018
2019-05-29 00:05:00,0.0082200368245442,0.0072683487
2019-05-29 00:10:00,0.0115203857421875,0.009481527
2019-05-29 00:15:00,0.0319376627604166,0.011689065
2019-05-29 00:20:00,0.0523549397786458,0.025876977
2019-05-29 00:25:00,0.072772216796875,0.037782762
2019-05-29 00:30:00,0.0108528137207031,0.04518298
2019-05-29 00:35:00,0.0016288757324218,0.008884948
2019-05-29 00:40:00,0.0011367797851561997,0.0045588324
2019-05-29 00:45:00,0.0006446838378906,0.0045518414
2019-05-29 00:50:00,0.00015258789062499997,0.0043051527
2019-05-29 00:55:00,0.000340461730957,0.0040068342
2019-05-29 01:00:00,0.0044637431269106,0.004156744
2019-05-29 01:05:00,0.006862914043924,0.00702443
2019-05-29 01:10:00,0.009262084960937502,0.008579832
2019-05-29 01:15:00,0.0106091499328613,0.01017313
2019-05-29 01:20:00,0.0119562149047851,0.011032645
2019-05-29 01:25:00,0.0133032798767089,0.011924414
2019-05-29 01:30:00,0.0146503448486328,0.012820817
2019-05-29 01:35:00,0.0006542205810546,0.013720109
2019-05-29 01:40:00,0.0005451838175455,0.0038992066
2019-05-29 01:45:00,0.0004361470540364,0.0042129545
2019-05-29 01:50:00,0.0003271102905273,0.004167214
2019-05-29 01:55:00,0.0002180735270182,0.004108455
2019-05-29 02:00:00,0.0001090367635091,0.0040385756
2019-05-29 02:05:00,0.0,0.0039641387
2019-05-29 02:10:00,0.0,0.0038882163
2019-05-29 02:15:00,0.0,0.0038882266
2019-05-29 02:20:00,0.0001049041748046,0.0038856408
2019-05-29 02:25:00,0.0018196475973856,0.0039563836
2019-05-29 02:30:00,0.0035343910199665,0.00514726
2019-05-29 02:35:00,0.0052491344425474,0.0062971064
2019-05-29 02:40:00,0.0069638778651283,0.0074438727
2019-05-29 02:45:00,0.0086786212877092,0.008589368
2019-05-29 02:50:00,0.0072321844064244,0.00973484
2019-05-29 02:55:00,0.0057857475251395,0.008672708
2019-05-29 03:00:00,0.0043393106438546,0.0076985788
2019-05-29 03:05:00,0.0028928737625697,0.0067309397
2019-05-29 03:10:00,0.0014464368812848,0.005766361
2019-05-29 03:15:00,0.0,0.0048022186
2019-05-29 03:20:00,0.0005181630452473,0.0038375084
2019-05-29 03:25:00,0.0010363260904947,0.0042418367
2019-05-29 03:30:00,0.0015544891357421,0.0045936257
2019-05-29 03:35:00,0.0013999938964843,0.0049408237
2019-05-29 03:40:00,0.0012454986572265,0.004816837
2019-05-29 03:45:00,0.0010910034179687,0.0047101746
2019-05-29 03:50:00,0.0009365081787109,0.004605112
2019-05-29 03:55:00,0.0017440795898437,0.0045010727
2019-05-29 04:00:00,0.0025516510009765,0.0050684647
2019-05-29 04:05:00,0.0033592224121093,0.005610771
2019-05-29 04:10:00,0.0041667938232421,0.006151159
2019-05-29 04:15:00,0.004974365234375,0.006690686
2019-05-29 04:20:00,0.004591805594308,0.0072301
2019-05-29 04:25:00,0.004209245954241,0.0069390065
2019-05-29 04:30:00,0.0038266863141741,0.006680292
2019-05-29 04:35:00,0.0034441266741071,0.0064241523
2019-05-29 04:40:00,0.0030615670340401,0.0061692223
2019-05-29 04:45:00,0.0026790073939732,0.005914504
2019-05-29 04:50:00,0.0022964477539062,0.0056596063
2019-05-29 04:55:00,0.0019804000854492,0.005404452
2019-05-29 05:00:00,0.0016643524169921,0.005195442
2019-05-29 05:05:00,0.0013483047485351,0.0049844566
2019-05-29 05:10:00,0.0010322570800781,0.004773192
2019-05-29 05:15:00,0.000716209411621,0.004561769
2019-05-29 05:20:00,0.0006262616413395,0.0043502757
2019-05-29 05:25:00,0.0064849853515625,0.0042964034
2019-05-29 05:30:00,7.43865966796875e-05,0.008386585
2019-05-29 05:35:00,0.0047252178192138,0.00375705
2019-05-29 05:40:00,0.009376049041748,0.0071609067
2019-05-29 05:45:00,0.0106446743011474,0.010291738
2019-05-29 05:50:00,0.0119132995605468,0.011046256
2019-05-29 05:55:00,0.0074119567871093,0.011885697
2019-05-29 06:00:00,0.0029106140136718,0.00869793
2019-05-29 06:05:00,0.0019839604695638,0.0056782844
2019-05-29 06:10:00,0.0010573069254557,0.0051638666
2019-05-29 06:15:00,0.0001306533813476,0.0045572226
2019-05-29 06:20:00,6.532669067382812e-05,0.0039441376
2019-05-29 06:25:00,0.0,0.003927161
2019-05-29 06:30:00,3.4809112548828125e-05,0.0038853707
2019-05-29 06:35:00,6.961822509765625e-05,0.003910799
2019-05-29 06:40:00,0.0001780986785888,0.0039325887
2019-05-29 06:45:00,0.00028657913208,0.004005482
2019-05-29 06:50:00,0.0003950595855712,0.0040766527
2019-05-29 06:55:00,0.0005035400390625,0.0041480274
2019-05-29 07:00:00,0.0005146662394205,0.004219683
2019-05-29 07:05:00,0.0005257924397786,0.0042237267
2019-05-29 07:10:00,0.0005369186401366999,0.004230533
2019-05-29 07:15:00,0.0019172668457031,0.004237689
2019-05-29 07:20:00,0.0032976150512695,0.0051998645
2019-05-29 07:25:00,0.0046779632568359,0.0061263447
2019-05-29 07:30:00,0.0060583114624023,0.007049923
2019-05-29 07:35:00,0.0074386596679687,0.007972334
2019-05-29 07:40:00,0.0064999262491861,0.00889454
2019-05-29 07:45:00,0.0055611928304036,0.008197523
2019-05-29 07:50:00,0.004622459411621,0.007564528
2019-05-29 07:55:00,0.0036837259928385,0.006936404
2019-05-29 08:00:00,0.0027449925740559,0.006310639
2019-05-29 08:05:00,0.0018062591552734,0.00568529
2019-05-29 08:10:00,0.0012998580932617,0.0050595626
2019-05-29 08:15:00,0.00079345703125,0.0047348044
2019-05-29 08:20:00,0.0002870559692382,0.0043979483
2019-05-29 08:25:00,0.0003027915954589,0.0040597757
2019-05-29 08:30:00,0.0003185272216796,0.0040849727
2019-05-29 08:35:00,0.0003342628479003,0.0040961727
2019-05-29 08:40:00,0.000349998474121,0.004106247
2019-05-29 08:45:00,0.0003657341003417,0.0041158884
2019-05-29 08:50:00,0.0003814697265625,0.0041255364
2019-05-29 08:55:00,0.0228042602539062,0.004135343
2019-05-29 09:00:00,0.04522705078125,0.019795092
2019-05-29 09:05:00,0.0227632057376024,0.034488536
2019-05-29 09:10:00,0.0002993606939548,0.018368473
2019-05-29 09:15:00,0.0042771827883836,0.0033323555
2019-05-29 09:20:00,0.0082550048828125,0.006772771
2019-05-29 09:25:00,0.0064949989318847,0.009507236
2019-05-29 09:30:00,0.004734992980957,0.008193133
2019-05-29 09:35:00,0.0029749870300292,0.007011261
2019-05-29 09:40:00,0.0012149810791015,0.0058298274
2019-05-29 09:45:00,0.0008099873860677001,0.0046507637
2019-05-29 09:50:00,0.0004049936930338,0.0044178357
2019-05-29 09:55:00,0.0,0.0041490356
2019-05-29 10:00:00,5.849202473958333e-05,0.0038777003
2019-05-29 10:05:00,0.0001169840494791,0.0039283815
2019-05-29 10:10:00,0.0001754760742187,0.003966728
2019-05-29 10:15:00,0.0024388631184895,0.004004353
2019-05-29 10:20:00,0.0047022501627604,0.0055795535
2019-05-29 10:25:00,0.0069656372070312,0.0070975465
2019-05-29 10:30:00,0.0031929016113281,0.008611199
2019-05-29 10:35:00,0.0017733573913574,0.005909235
2019-05-29 10:40:00,0.00035381317138669994,0.0050141076
2019-05-29 10:45:00,0.0031492710113525,0.004067383
2019-05-29 10:50:00,0.0059447288513183,0.0060615498
2019-05-29 10:55:00,0.0087401866912841,0.007944256
2019-05-29 11:00:00,0.01153564453125,0.009816949
2019-05-29 11:05:00,0.0060563087463378,0.011684703
2019-05-29 11:10:00,0.0005769729614257,0.007769677
2019-05-29 11:15:00,0.0004924138387044,0.004090201
2019-05-29 11:20:00,0.000407854715983,0.004187585
2019-05-29 11:25:00,0.0003232955932617,0.0041478258
2019-05-29 11:30:00,0.0002387364705403,0.0040987874
2019-05-29 11:35:00,0.000154177347819,0.0040437686
2019-05-29 11:40:00,6.961822509765625e-05,0.0039863456
2019-05-29 11:45:00,0.0036702156066894,0.003928201
2019-05-29 11:50:00,0.0072708129882812,0.0064402446
2019-05-29 11:55:00,0.0055551528930664,0.008856867
2019-05-29 12:00:00,0.0038394927978515,0.0075534694
2019-05-29 12:05:00,0.0021238327026367,0.0063918997
2019-05-29 12:10:00,0.0011787414550781,0.005240709
2019-05-29 12:15:00,0.0002336502075195,0.004632489
2019-05-29 12:20:00,0.0008792877197265,0.004005097
2019-05-29 12:25:00,0.0089111328125,0.0044851964
2019-05-29 12:30:00,0.0047202110290527,0.010076482
2019-05-29 12:35:00,0.0005292892456053999,0.0069333473
2019-05-29 12:40:00,0.0004339218139648,0.00410715
2019-05-29 12:45:00,0.0004940032958984,0.0041529215
2019-05-29 12:50:00,0.0027046203613281,0.0042079976
2019-05-29 12:55:00,0.0049152374267578,0.005753574
2019-05-29 13:00:00,0.0071258544921875,0.0072387788
2019-05-29 13:05:00,0.0057337592629825,0.0087177185
2019-05-29 13:10:00,0.0043416640337775,0.007678458
2019-05-29 13:15:00,0.0029495688045726,0.006737568
2019-05-29 13:20:00,0.0015574735753676,0.0058043366
2019-05-29 13:25:00,0.0001653783461626,0.0048750304
2019-05-29 13:30:00,0.0002393722534179,0.003946681
2019-05-29 13:35:00,0.0068564414978027,0.0040403176
2019-05-29 13:40:00,0.0134735107421875,0.008659576
2019-05-29 13:45:00,0.0039901733398437,0.0131059075
2019-05-29 13:50:00,0.0073356628417968,0.006282536
2019-05-29 13:55:00,0.01068115234375,0.00886262
2019-05-29 14:00:00,0.0002198219299316,0.011119319
2019-05-29 14:05:00,0.0009586811065673,0.0037234765
2019-05-29 14:10:00,0.0016975402832031,0.0045196614
2019-05-29 14:15:00,0.011199951171875,0.005034024
2019-05-29 14:20:00,0.0001468658447265,0.01165614
2019-05-29 14:25:00,0.0006860928101973,0.003679396
2019-05-29 14:30:00,0.001225319775668,0.004337925
2019-05-29 14:35:00,0.0017645467411387997,0.0047116736
2019-05-29 14:40:00,0.0023037737066095,0.0050800224
2019-05-29 14:45:00,0.0048978437076915,0.0054421807
2019-05-29 14:50:00,0.0074919137087735,0.0072357636
2019-05-29 14:55:00,0.0100859837098555,0.008974385
2019-05-29 15:00:00,0.0126800537109375,0.010708754
2019-05-29 15:05:00,0.0084994633992513,0.012441499
2019-05-29 15:10:00,0.0043188730875651,0.009439014
2019-05-29 15:15:00,0.0001382827758789,0.0066307094
2019-05-29 15:20:00,0.0016007423400878,0.003835471
2019-05-29 15:25:00,0.0030632019042968,0.0049813543
2019-05-29 15:30:00,0.011505126953125,0.0059778346
2019-05-29 15:35:00,0.0049285888671875,0.011835522
2019-05-29 15:40:00,0.00701904296875,0.007005801
2019-05-29 15:45:00,0.011444091796875,0.008628271
2019-05-29 15:50:00,0.0488128662109375,0.01166563
2019-05-29 15:55:00,0.08618164062499999,0.036789123
2019-05-29 16:00:00,0.0482177734375,0.049610637
2019-05-29 16:05:00,0.0001335144042968,0.034429282
2019-05-29 16:10:00,0.00013955434163410004,0.0022750788
2019-05-29 16:15:00,0.0001455942789713,0.0038250254
2019-05-29 16:20:00,0.0001516342163085,0.0039447094
2019-05-29 16:25:00,0.006629467010498,0.004015871
2019-05-29 16:30:00,0.0131072998046875,0.008556252
2019-05-29 16:35:00,0.0011501312255859,0.012904158
2019-05-29 16:40:00,0.0151290893554687,0.0043442366
2019-05-29 16:45:00,0.0291080474853515,0.014414325
2019-05-29 16:50:00,0.0430870056152343,0.02382226
2019-05-29 16:55:00,0.0570659637451171,0.033078756
2019-05-29 17:00:00,0.071044921875,0.039631046
2019-05-29 17:05:00,0.0474160512288411,0.044945985
2019-05-29 17:10:00,0.0237871805826822,0.034571305
2019-05-29 17:15:00,0.0001583099365234,0.018888144
2019-05-29 17:20:00,0.000279426574707,0.0031634392
2019-05-29 17:25:00,0.0004005432128906,0.004022666
2019-05-29 17:30:00,0.0005788803100585,0.004181364
2019-05-29 17:35:00,0.0050654411315917,0.0043342747
2019-05-29 17:40:00,0.009552001953125,0.007462509
2019-05-29 17:45:00,0.0075899759928385,0.01046403
2019-05-29 17:50:00,0.005627950032552,0.008946751
2019-05-29 17:55:00,0.0036659240722656,0.007607707
2019-05-29 18:00:00,0.0021872520446777,0.0062827873
2019-05-29 18:05:00,0.0007085800170898,0.0053045484
2019-05-29 18:10:00,0.0002431869506835,0.0043171677
2019-05-29 18:15:00,0.009674072265625,0.004036467
2019-05-29 18:20:00,0.0088022405450994,0.010634299
2019-05-29 18:25:00,0.0079304088245738,0.009771737
2019-05-29 18:30:00,0.0070585771040482,0.009167577
2019-05-29 18:35:00,0.0061867453835227,0.008574512
2019-05-29 18:40:00,0.0053149136629971,0.007989785
2019-05-29 18:45:00,0.0044430819424715,0.007407945
2019-05-29 18:50:00,0.003571250221946,0.0068267006
2019-05-29 18:55:00,0.0026994185014204,0.006245104
2019-05-29 19:00:00,0.0018275867808948,0.005662871
2019-05-29 19:05:00,0.0009557550603693,0.0050800066
2019-05-29 19:10:00,8.392333984375e-05,0.004497003
2019-05-29 19:15:00,0.0032157897949218,0.0039139353
2019-05-29 19:20:00,0.00634765625,0.006123183
2019-05-29 19:25:00,0.005597432454427001,0.008227611
2019-05-29 19:30:00,0.0048472086588541,0.007612808
2019-05-29 19:35:00,0.0040969848632812,0.0070995996
2019-05-29 19:40:00,0.0118255615234375,0.0065936954
2019-05-29 19:45:00,0.0027885437011718,0.012012264
2019-05-29 19:50:00,0.009857177734375,0.0054905945
2019-05-29 19:55:00,0.0003919601440429,0.010662168
2019-05-29 20:00:00,0.0019794040256076,0.003872102
2019-05-29 20:05:00,0.0035668479071723,0.0052319807
2019-05-29 20:10:00,0.0051542917887369,0.0063124117
2019-05-29 20:15:00,0.006741735670301599,0.0073826495
2019-05-29 20:20:00,0.0083291795518663,0.008444969
2019-05-29 20:25:00,0.0099166234334309,0.009504605
2019-05-29 20:30:00,0.0115040673149956,0.010563799
2019-05-29 20:35:00,0.0130915111965603,0.0116234375
2019-05-29 20:40:00,0.014678955078124998,0.012683753
2019-05-29 20:45:00,0.013384137834821399,0.013744698
2019-05-29 20:50:00,0.012089320591517802,0.012790103
2019-05-29 20:55:00,0.0107945033482142,0.01191934
2019-05-29 21:00:00,0.0094996861049107,0.011054062
2019-05-29 21:05:00,0.0082048688616071,0.010191468
2019-05-29 21:10:00,0.0069100516183035,0.0093291765
2019-05-29 21:15:00,0.005615234375,0.008466293
2019-05-29 21:20:00,0.004887308393205899,0.007602553
2019-05-29 21:25:00,0.0041593824114118,0.0071338005
2019-05-29 21:30:00,0.0034314564296177,0.0066487887
2019-05-29 21:35:00,0.0027035304478236,0.0061622593
2019-05-29 21:40:00,0.0019756044660295,0.0056749335
2019-05-29 21:45:00,0.0012476784842354,0.005187267
2019-05-29 21:50:00,0.0005197525024414,0.0046996754
2019-05-29 21:55:00,0.0003318786621093,0.004212057
2019-05-29 22:00:00,0.0001440048217773,0.0041011996
2019-05-29 22:05:00,0.0071029663085937,0.0039760945
2019-05-29 22:10:00,0.03509521484375,0.008835858
2019-05-29 22:15:00,0.016265869140625,0.028233137
2019-05-29 22:20:00,0.0068055788675944,0.014194951
2019-05-29 22:25:00,0.0090484619140625,0.008107542
2019-05-29 22:30:00,0.000227928161621,0.009951685
2019-05-29 22:35:00,0.0004835128784179,0.0037626752
2019-05-29 22:40:00,0.0007390975952147998,0.0041962285
2019-05-29 22:45:00,0.0013209184010823,0.0043889745
2019-05-29 22:50:00,0.0019027392069498,0.004796131
2019-05-29 22:55:00,0.0024845600128173,0.0051859445
2019-05-29 23:00:00,0.0030663808186848,0.0055720406
2019-05-29 23:05:00,0.0036482016245524,0.005957319
2019-05-29 23:10:00,0.0042300224304199,0.0063430653
2019-05-29 23:15:00,0.0048118432362874,0.006729663
2019-05-29 23:20:00,0.0053936640421549,0.0071170996
2019-05-29 23:25:00,0.0059754848480224,0.0075052124
2019-05-29 23:30:00,0.0065573056538899,0.0078938175
2019-05-29 23:35:00,0.0071391264597574,0.008282749
2019-05-29 23:40:00,0.007720947265625,0.008671887
2019-05-29 23:45:00,0.0064727783203125,0.009061148
2019-05-29 23:50:00,0.005224609375,0.008172458
2019-05-29 23:55:00,0.0039764404296875,0.0073344703
2019-05-30 00:00:00,0.002728271484375,0.00649999
2019-05-30 00:05:00,0.0014801025390625,0.005667088
2019-05-30 00:10:00,0.0004425048828125,0.0048342235
2019-05-30 00:15:00,0.00506591796875,0.004147517
2019-05-30 00:20:00,0.0096893310546875,0.007403901
2019-05-30 00:25:00,0.0062160491943359,0.010511417
2019-05-30 00:30:00,0.0027427673339843,0.007949368
2019-05-30 00:35:00,0.0005655288696289,0.0056070304
2019-05-30 00:40:00,0.03839111328125001,0.00418339
2019-05-30 00:45:00,0.0258267720540364,0.030569322
2019-05-30 00:50:00,0.0132624308268229,0.020793235
2019-05-30 00:55:00,0.0006980895996093,0.012334504
2019-05-30 01:00:00,0.005017598470052,0.0039208513
2019-05-30 01:05:00,0.0093371073404947,0.0073174904
2019-05-30 01:10:00,0.0136566162109375,0.010260269
2019-05-30 01:15:00,0.0094038645426432,0.013170587
2019-05-30 01:20:00,0.0051511128743489,0.010066039
2019-05-30 01:25:00,0.0008983612060546,0.007202066
2019-05-30 01:30:00,0.03369140625,0.0043526124
2019-05-30 01:35:00,0.0008690304226345,0.027409608
2019-05-30 01:40:00,0.0095006589536313,0.0034887888
2019-05-30 01:45:00,0.0181322874846281,0.010439973
2019-05-30 01:50:00,0.026763916015625,0.016270101
2019-05-30 01:55:00,0.0156402587890625,0.022074746
2019-05-30 02:00:00,0.0045166015625,0.014004257
2019-05-30 02:05:00,0.0034942626953125,0.0065428065
2019-05-30 02:10:00,0.002471923828125,0.0061575067
2019-05-30 02:15:00,0.0014495849609375,0.0055030747
2019-05-30 02:20:00,0.00042724609375000005,0.0048340987
2019-05-30 02:25:00,0.0018844956077188,0.0041541597
2019-05-30 02:30:00,0.0033417451216877,0.005199163
2019-05-30 02:35:00,0.0047989946356566,0.0061768363
2019-05-30 02:40:00,0.0062562441496255,0.007149212
2019-05-30 02:45:00,0.0077134936635944,0.008119286
2019-05-30 02:50:00,0.0091707431775633,0.009089762
2019-05-30 02:55:00,0.0106279926915322,0.010061321
2019-05-30 03:00:00,0.0002317428588867,0.01103402
2019-05-30 03:05:00,0.0005472501118977,0.0037298037
2019-05-30 03:10:00,0.0008627573649088,0.004231394
2019-05-30 03:15:00,0.0011782646179199,0.0044631446
2019-05-30 03:20:00,0.0014937718709309,0.004684646
2019-05-30 03:25:00,0.001809279123942,0.0048978627
2019-05-30 03:30:00,0.0021247863769531,0.0051077916
2019-05-30 03:35:00,0.0093841552734375,0.005316383
2019-05-30 03:40:00,0.0049481391906738,0.010371895
2019-05-30 03:45:00,0.0005121231079101,0.007075085
2019-05-30 03:50:00,0.0003142356872558,0.0040862216
2019-05-30 03:55:00,0.0001163482666015,0.0040685874
2019-05-30 04:00:00,0.0020942687988281,0.0039477474
2019-05-30 04:05:00,0.0040721893310546,0.0053385673
2019-05-30 04:10:00,0.0060501098632812,0.0066683907
2019-05-30 04:15:00,0.0001707077026367,0.007991877
2019-05-30 04:20:00,0.0011545419692993,0.0038292927
2019-05-30 04:25:00,0.0021383762359619,0.0046661436
2019-05-30 04:30:00,0.0031222105026245,0.005335892
2019-05-30 04:35:00,0.0041060447692871,0.005999447
2019-05-30 04:40:00,0.0050898790359497,0.0066582696
2019-05-30 04:45:00,0.0060737133026123,0.0073153772
2019-05-30 04:50:00,0.0070575475692749,0.007972117
2019-05-30 04:55:00,0.0080413818359375,0.008629037
2019-05-30 05:00:00,0.008575439453125,0.009286305
2019-05-30 05:05:00,0.0001192092895507,0.009629861
2019-05-30 05:10:00,0.0001567204793294,0.0037099877
2019-05-30 05:15:00,0.000194231669108,0.0039649922
2019-05-30 05:20:00,0.0002317428588867,0.0040074866
2019-05-30 05:25:00,0.0008195241292317,0.0040412173
2019-05-30 05:30:00,0.0014073053995768,0.0044518663
2019-05-30 05:35:00,0.0019950866699218,0.0048453454
2019-05-30 05:40:00,0.0059673565776408,0.005236793
2019-05-30 05:45:00,0.0099396264853597,0.007989391
2019-05-30 05:50:00,0.0006593976702008,0.0106534725
2019-05-30 05:55:00,0.0070419311523437,0.0040562195
2019-05-30 06:00:00,0.0078786214192708,0.008750917
2019-05-30 06:05:00,0.008715311686197899,0.009178432
2019-05-30 06:10:00,0.009552001953125,0.009736065
2019-05-30 06:15:00,0.0023628696799278,0.010293062
2019-05-30 06:20:00,0.0072468034923076,0.0052472027
2019-05-30 06:25:00,0.0121307373046875,0.008851959
2019-05-30 06:30:00,0.0005557018777598,0.012145753
2019-05-30 06:35:00,0.0401948431263799,0.003923075
2019-05-30 06:40:00,0.079833984375,0.031753145
2019-05-30 06:45:00,0.010899013943142298,0.047508065
2019-05-30 06:50:00,0.0002422332763671,0.0086867735
2019-05-30 06:55:00,0.0001891454060872,0.0035950944
2019-05-30 07:00:00,0.0078994433085123,0.0039180513
2019-05-30 07:05:00,0.0156097412109375,0.009389275
2019-05-30 07:10:00,0.014678955078124998,0.014602059
2019-05-30 07:15:00,0.0137481689453125,0.013721486
2019-05-30 07:20:00,0.0233840942382812,0.01307225
2019-05-30 07:25:00,0.03302001953125,0.01983119
2019-05-30 07:30:00,0.0166015625,0.026297439
2019-05-30 07:35:00,0.00018310546875,0.01446326
2019-05-30 07:40:00,0.0001344680786132,0.0034740595
2019-05-30 07:45:00,0.0003315607706705,0.003926853
2019-05-30 07:50:00,0.0005286534627278,0.0041122385
2019-05-30 07:55:00,0.0007257461547851,0.004265736
2019-05-30 08:00:00,0.0001688003540039,0.0044009513
2019-05-30 08:05:00,0.00029754638671869996,0.004003077
2019-05-30 08:10:00,0.0002336502075195,0.0041014603
2019-05-30 08:15:00,0.0001697540283203,0.0040491736
2019-05-30 08:20:00,0.0008840791110334,0.0040023457
2019-05-30 08:25:00,0.0015984041937466,0.0044991137
2019-05-30 08:30:00,0.0023127292764597,0.0049763587
2019-05-30 08:35:00,0.0030270543591729,0.0054527954
2019-05-30 08:40:00,0.0037413794418861,0.0059286067
2019-05-30 08:45:00,0.0002126693725585,0.0064043063
2019-05-30 08:50:00,0.006235122680664,0.003921223
2019-05-30 08:55:00,0.0033245086669921,0.008214202
2019-05-30 09:00:00,0.0004138946533203,0.0060289493
2019-05-30 09:05:00,0.0004639279751377,0.0040686936
2019-05-30 09:10:00,0.0005139612969551,0.004182144
2019-05-30 09:15:00,0.0005639946187725,0.004223324
2019-05-30 09:20:00,0.0006140279405899,0.004260163
2019-05-30 09:25:00,0.0004019045647774,0.004294046
2019-05-30 09:30:00,0.0001897811889648,0.0041439175
2019-05-30 09:35:00,0.0001716613769531,0.0040005534
2019-05-30 09:40:00,0.0001535415649414,0.0039931936
2019-05-30 09:45:00,0.0001158714294433,0.0039811223
2019-05-30 09:50:00,7.82012939453125e-05,0.003955199
2019-05-30 09:55:00,8.187975202287948e-05,0.0039296933
2019-05-30 10:00:00,8.555821010044642e-05,0.0039330684
2019-05-30 10:05:00,8.923666817801339e-05,0.0039354307
2019-05-30 10:10:00,9.291512625558036e-05,0.0039377525
2019-05-30 10:15:00,9.659358433314731e-05,0.0039400724
2019-05-30 10:20:00,0.0001002720424107,0.0039424105
2019-05-30 10:25:00,0.0001039505004882,0.003944764
2019-05-30 10:30:00,0.011749267578125,0.0039471304
2019-05-30 10:35:00,0.0078328450520833,0.012073339
2019-05-30 10:40:00,0.0039164225260416,0.009023183
2019-05-30 10:45:00,0.0,0.0063752006
2019-05-30 10:50:00,0.0003643035888671,0.003747226
2019-05-30 10:55:00,0.0007286071777343,0.0041158143
2019-05-30 11:00:00,0.0010929107666015,0.004374463
2019-05-30 11:05:00,0.05780029296875,0.004624476
2019-05-30 11:10:00,0.0003786087036132,0.04012166
2019-05-30 11:15:00,9.5367431640625e-07,0.002294759
2019-05-30 11:20:00,0.0029067993164062,0.003769782
2019-05-30 11:25:00,0.0041534423828125,0.005856476
2019-05-30 11:30:00,0.0054000854492187,0.006696258
2019-05-30 11:35:00,0.006646728515625,0.007544201
2019-05-30 11:40:00,0.0078933715820312,0.008379384
2019-05-30 11:45:00,0.0091400146484375,0.009210233
2019-05-30 11:50:00,0.0075721740722656,0.010040146
2019-05-30 11:55:00,0.0060043334960937,0.008904273
2019-05-30 12:00:00,0.0040876070658365,0.0078480495
2019-05-30 12:05:00,0.0021708806355794,0.0065545244
2019-05-30 12:10:00,0.0002541542053222,0.005273806
2019-05-30 12:15:00,0.0002026557922363,0.0039944234
2019-05-30 12:20:00,0.0004539489746093,0.0040156282
2019-05-30 12:25:00,0.0001029968261718,0.004197895
2019-05-30 12:30:00,0.0001091957092285,0.003947769
2019-05-30 12:35:00,0.0001153945922851,0.003959549
2019-05-30 12:40:00,0.0002117156982421,0.003962345
2019-05-30 12:45:00,0.0001144409179687,0.0040278616
2019-05-30 12:50:00,0.0021095275878906,0.003956175
2019-05-30 12:55:00,0.02325439453125,0.005348702
2019-05-30 13:00:00,0.0186260223388671,0.020067137
2019-05-30 13:05:00,0.0139976501464843,0.016229102
2019-05-30 13:10:00,0.0093692779541015,0.013087097
2019-05-30 13:15:00,0.004740905761718701,0.009976299
2019-05-30 13:20:00,0.0001125335693359,0.006886639
2019-05-30 13:25:00,0.0014741420745849,0.0038031377
2019-05-30 13:30:00,0.0028357505798339,0.0048966026
2019-05-30 13:35:00,0.0029513835906982,0.0058275443
2019-05-30 13:40:00,0.0030670166015625,0.0058745868
2019-05-30 13:45:00,0.0001420974731445,0.0059474064
2019-05-30 13:50:00,0.0001313686370849,0.0038993864
2019-05-30 13:55:00,0.0001206398010253,0.0039663785
2019-05-30 14:00:00,0.0001099109649658,0.0039630122
2019-05-30 14:05:00,9.918212890625e-05,0.0039571766
2019-05-30 14:10:00,9.282430013020832e-05,0.003949559
2019-05-30 14:15:00,8.646647135416666e-05,0.0039444533
2019-05-30 14:20:00,8.0108642578125e-05,0.0039391955
2019-05-30 14:25:00,0.0018717447916666,0.003934082
2019-05-30 14:30:00,0.0036633809407552,0.0051829317
2019-05-30 14:35:00,0.0054550170898437,0.0063851513
2019-05-30 14:40:00,0.008380126953125,0.0075837215
2019-05-30 14:45:00,0.0113052368164062,0.009572148
2019-05-30 14:50:00,0.0142303466796875,0.01153006
2019-05-30 14:55:00,0.017155456542968704,0.013485911
2019-05-30 15:00:00,0.02008056640625,0.015440897
2019-05-30 15:05:00,0.0103263854980468,0.017396148
2019-05-30 15:10:00,0.0005722045898437,0.010478598
2019-05-30 15:15:00,0.00689697265625,0.0039459136
2019-05-30 15:20:00,0.0048070320716271,0.008648169
2019-05-30 15:25:00,0.0027170914870042,0.007047657
2019-05-30 15:30:00,0.0006271509023813,0.0056472505
2019-05-30 15:35:00,0.0014139933463854,0.004246183
2019-05-30 15:40:00,0.0022008357903895996,0.004854008
2019-05-30 15:45:00,0.0029876782343937,0.00538611
2019-05-30 15:50:00,0.0037745206783979,0.005912662
2019-05-30 15:55:00,0.004561363122402,0.006436594
2019-05-30 16:00:00,0.0053482055664062,0.0069601154
2019-05-30 16:05:00,0.0042559305826822,0.0074840775
2019-05-30 16:10:00,0.0031636555989583,0.006697049
2019-05-30 16:15:00,0.0020713806152343,0.005961721
2019-05-30 16:20:00,0.0019393920898437,0.0052305497
2019-05-30 16:25:00,0.0018074035644531,0.005171163
2019-05-30 16:30:00,0.0016754150390625,0.005086457
2019-05-30 16:35:00,0.0015434265136718,0.0049995347
2019-05-30 16:40:00,0.0014114379882812,0.004911295
2019-05-30 16:45:00,0.0008106231689453,0.004822514
2019-05-30 16:50:00,0.0002098083496093,0.0044065984
2019-05-30 16:55:00,0.0003485679626464,0.0040030964
2019-05-30 17:00:00,0.0004873275756835,0.0041162684
2019-05-30 17:05:00,0.0004510879516600999,0.0042105126
2019-05-30 17:10:00,0.0050601959228515,0.0041814446
2019-05-30 17:15:00,0.0096693038940429,0.0073966393
2019-05-30 17:20:00,0.0142784118652343,0.010491447
2019-05-30 17:25:00,0.0188875198364257,0.013576374
2019-05-30 17:30:00,0.0234966278076171,0.01665688
2019-05-30 17:35:00,0.0281057357788085,0.01973661
2019-05-30 17:40:00,0.03271484375,0.022816844
2019-05-30 17:45:00,0.0280320572130607,0.025897829
2019-05-30 17:50:00,0.0233492706761215,0.022456218
2019-05-30 17:55:00,0.0186664841391823,0.019315496
2019-05-30 18:00:00,0.0139836976022431,0.016189089
2019-05-30 18:05:00,0.0093009110653039,0.013070967
2019-05-30 18:10:00,0.0046181245283647,0.009953446
2019-05-30 18:15:00,0.0031076778065074,0.0068337317
2019-05-30 18:20:00,0.0015972310846502,0.005925661
2019-05-30 18:25:00,8.678436279296875e-05,0.0049257088
2019-05-30 18:30:00,0.0018902778625488,0.0039179283
2019-05-30 18:35:00,0.0036937713623046,0.005217516
2019-05-30 18:40:00,0.0085092544555664,0.0064277826
2019-05-30 18:45:00,0.0133247375488281,0.009734402
2019-05-30 18:50:00,0.0079345703125,0.012958338
2019-05-30 18:55:00,0.0025444030761718,0.009041002
2019-05-30 19:00:00,0.0046710968017578,0.005414164
2019-05-30 19:05:00,0.0067977905273437,0.0070504867
2019-05-30 19:10:00,0.0056962966918945,0.008493344
2019-05-30 19:15:00,0.0045948028564453,0.007669344
2019-05-30 19:20:00,0.003493309020996,0.0069263387
2019-05-30 19:25:00,0.0023918151855468,0.006187013
2019-05-30 19:30:00,0.0062840779622395,0.005450109
2019-05-30 19:35:00,0.0101763407389322,0.008198717
2019-05-30 19:40:00,0.014068603515625,0.010814596
2019-05-30 19:45:00,0.0070343017578125,0.01341983
2019-05-30 19:50:00,0.0,0.008381373
2019-05-30 19:55:00,4.3392181396484375e-05,0.003658131
2019-05-30 20:00:00,8.678436279296875e-05,0.0038884932
2019-05-30 20:05:00,0.0015640258789062,0.003938548
2019-05-30 20:10:00,0.0013176600138346,0.00497679
2019-05-30 20:15:00,0.001071294148763,0.004767409
2019-05-30 20:20:00,0.0008249282836914,0.0045976704
2019-05-30 20:25:00,0.0079808235168457,0.0044293376
2019-05-30 20:30:00,0.01513671875,0.009427385
2019-05-30 20:35:00,0.01671142578125,0.014234281
2019-05-30 20:40:00,0.0182861328125,0.015119584
2019-05-30 20:45:00,0.01986083984375,0.016155293
2019-05-30 20:50:00,0.021435546875,0.017201126
2019-05-30 20:55:00,0.02301025390625,0.018253556
2019-05-30 21:00:00,0.026885986328125,0.019308522
2019-05-30 21:05:00,0.03076171875,0.02197713
2019-05-30 21:10:00,0.034637451171875,0.024575653
2019-05-30 21:15:00,0.03851318359375,0.02716947
2019-05-30 21:20:00,0.042388916015625,0.029752085
2019-05-30 21:25:00,0.0462646484375,0.03231085
2019-05-30 21:30:00,0.0003423690795898,0.034868997
2019-05-30 21:35:00,0.0004837036132812,0.002567229
2019-05-30 21:40:00,0.0006250381469726,0.0041282456
2019-05-30 21:45:00,0.000766372680664,0.004297569
2019-05-30 21:50:00,0.0009077072143554,0.004438592
2019-05-30 21:55:00,0.0010490417480468,0.0045425445
2019-05-30 22:00:00,0.000197410583496,0.0046320264
2019-05-30 22:05:00,0.0025057792663574,0.004024429
2019-05-30 22:10:00,0.0048141479492187,0.005647797
2019-05-30 22:15:00,0.0042181015014648,0.007191339
2019-05-30 22:20:00,0.0036220550537109,0.006703732
2019-05-30 22:25:00,0.003026008605957,0.0062936298
2019-05-30 22:30:00,0.0024299621582031,0.005890069
2019-05-30 22:35:00,0.0018339157104492,0.00549026
2019-05-30 22:40:00,0.0012378692626953,0.0050918646
2019-05-30 22:45:00,0.0006418228149413999,0.00469377
2019-05-30 22:50:00,0.0012664794921875,0.00429551
2019-05-30 22:55:00,0.0006847381591796,0.0047482145
2019-05-30 23:00:00,0.0001029968261718,0.0043271114
2019-05-30 23:05:00,0.0079803466796875,0.003935114
2019-05-30 23:10:00,0.0002288818359375,0.009445753
2019-05-30 23:15:00,0.013168334960937502,0.00382571
2019-05-30 23:20:00,0.0081763267517089,0.013050057
2019-05-30 23:25:00,0.0031843185424804,0.009217683
2019-05-30 23:30:00,0.02001953125,0.0058529368
2019-05-30 23:35:00,0.0,0.017751927
2019-05-30 23:40:00,4.57763671875e-05,0.0032991278
2019-05-30 23:45:00,9.1552734375e-05,0.003873457
2019-05-30 23:50:00,0.0001373291015625,0.003930348
2019-05-30 23:55:00,0.00018310546875,0.003977755
2019-05-31 00:00:00,0.0062989393870035,0.004013141
2019-05-31 00:05:00,0.0124147733052571,0.008278314
2019-05-31 00:10:00,0.0103013197580973,0.012384371
2019-05-31 00:15:00,0.0081878662109375,0.010723044
2019-05-31 00:20:00,0.006342601776123,0.009287176
2019-05-31 00:25:00,0.0044973373413085,0.008054311
2019-05-31 00:30:00,0.0026520729064941,0.0068228403
2019-05-31 00:35:00,0.0008068084716796,0.0055935006
2019-05-31 00:40:00,7.343292236328125e-05,0.0043638805
2019-05-31 00:45:00,0.066162109375,0.0039085834
2019-05-31 00:50:00,0.0050633634839739,0.043042343
2019-05-31 00:55:00,0.0044121117818923,0.0052496376
2019-05-31 01:00:00,0.0037608600798107,0.0067173955
2019-05-31 01:05:00,0.0031096083777291,0.0063217534
2019-05-31 01:10:00,0.0024583566756475,0.0059346636
2019-05-31 01:15:00,0.0018071049735659,0.0055177407
2019-05-31 01:20:00,0.0011558532714843,0.0050873617
2019-05-31 01:25:00,0.005470275878906199,0.004651193
2019-05-31 01:30:00,0.0002698898315429,0.0076777954
2019-05-31 01:35:00,0.0006446838378906,0.0039311377
2019-05-31 01:40:00,0.0031547546386718,0.0043210853
2019-05-31 01:45:00,0.014892578125,0.0060661826
2019-05-31 01:50:00,0.01116943359375,0.014197767
2019-05-31 01:55:00,0.0074462890625,0.011264829
2019-05-31 02:00:00,0.00372314453125,0.008744197
2019-05-31 02:05:00,0.0,0.0062443987
2019-05-31 02:10:00,0.0023956298828125,0.003757763
2019-05-31 02:15:00,0.004791259765625,0.0055417363
2019-05-31 02:20:00,0.0122299194335937,0.0071635707
2019-05-31 02:25:00,0.0196685791015625,0.012294174
2019-05-31 02:30:00,0.0271072387695312,0.017283723
2019-05-31 02:35:00,0.0345458984375,0.022259684
2019-05-31 02:40:00,0.0173401832580566,0.02722995
2019-05-31 02:45:00,0.0001344680786132,0.014907138
2019-05-31 02:50:00,0.0045304298400878,0.0033997018
2019-05-31 02:55:00,0.008926391601562502,0.006984264
2019-05-31 03:00:00,0.0089950561523437,0.009987875
2019-05-31 03:05:00,0.009063720703125,0.009929441
2019-05-31 03:10:00,0.0067087809244791,0.009967899
2019-05-31 03:15:00,0.0043538411458333,0.008313276
2019-05-31 03:20:00,0.0019989013671875,0.0067297365
2019-05-31 03:25:00,0.0183942640149915,0.005152379
2019-05-31 03:30:00,0.000436782836914,0.016674679
2019-05-31 03:35:00,0.012664794921875002,0.0036708198
2019-05-31 03:40:00,0.0005321502685546,0.012685988
2019-05-31 03:45:00,0.0006329463078425,0.003894955
2019-05-31 03:50:00,0.0007337423471304,0.0042905887
2019-05-31 03:55:00,0.0008345383864181999,0.004374298
2019-05-31 04:00:00,0.0009353344257061,0.0044507766
2019-05-31 04:05:00,0.0010361304649939,0.0045197546
2019-05-31 04:10:00,0.0011369265042818,0.0045858347
2019-05-31 04:15:00,0.0012377225435697,0.004651033
2019-05-31 04:20:00,0.0013385185828575,0.004716266
2019-05-31 04:25:00,0.0014393146221454,0.0047818096
2019-05-31 04:30:00,0.0015401106614332,0.004847726
2019-05-31 04:35:00,0.0016409067007211,0.0049139666
2019-05-31 04:40:00,0.001741702740009,0.004980455
2019-05-31 04:45:00,0.0018424987792968,0.005047364
2019-05-31 04:50:00,0.0092010498046875,0.0051145917
2019-05-31 04:55:00,0.0077247619628906,0.01024693
2019-05-31 05:00:00,0.0062484741210937,0.009016635
2019-05-31 05:05:00,0.0003080368041992,0.008012018
2019-05-31 05:10:00,0.0121016502380371,0.003903454
2019-05-31 05:15:00,0.023895263671875,0.012299106
2019-05-31 05:20:00,0.0181350708007812,0.020243287
2019-05-31 05:25:00,0.0123748779296875,0.01584903
2019-05-31 05:30:00,0.0066146850585937,0.011962533
2019-05-31 05:35:00,0.0008544921875000001,0.008103319
2019-05-31 05:40:00,0.0013065338134765,0.004260535
2019-05-31 05:45:00,0.0017585754394531,0.0047541913
2019-05-31 05:50:00,0.02740478515625,0.0050784824
2019-05-31 05:55:00,0.0232391357421875,0.022999544
2019-05-31 06:00:00,0.019073486328125,0.019345473
2019-05-31 06:05:00,0.0149078369140625,0.016506406
2019-05-31 06:10:00,0.0106658935546875,0.013698254
2019-05-31 06:15:00,0.0064239501953125,0.010861268
2019-05-31 06:20:00,0.0049798488616943,0.008034648
2019-05-31 06:25:00,0.0035357475280761,0.007162703
2019-05-31 06:30:00,0.002091646194458,0.006210213
2019-05-31 06:35:00,0.0006475448608398,0.00525029
2019-05-31 06:40:00,7.43865966796875e-05,0.004285719
2019-05-31 06:45:00,0.007659912109375,0.003926551
2019-05-31 06:50:00,0.0041427612304687,0.009236286
2019-05-31 06:55:00,0.0003480911254882,0.0065760342
2019-05-31 07:00:00,0.0141358375549316,0.0040073646
2019-05-31 07:05:00,0.027923583984375,0.01373193
2019-05-31 07:10:00,0.0210342407226562,0.023012485
2019-05-31 07:15:00,0.0141448974609375,0.017751532
2019-05-31 07:20:00,0.0001640319824218,0.013105039
2019-05-31 07:25:00,0.0,0.0035381413
2019-05-31 07:30:00,0.0006523132324218,0.0038348495
2019-05-31 07:35:00,0.0003318786621093,0.004333304
2019-05-31 07:40:00,0.03363037109375,0.0041110185
2019-05-31 07:45:00,0.0450439453125,0.027402982
2019-05-31 07:50:00,0.0348256429036458,0.03418717
2019-05-31 07:55:00,0.0246073404947916,0.026832161
2019-05-31 08:00:00,0.0143890380859375,0.019954655
2019-05-31 08:05:00,0.0158660446388134,0.0131231025
2019-05-31 08:10:00,0.0173430511916893,0.014497989
2019-05-31 08:15:00,0.018820057744565195,0.015525519
2019-05-31 08:20:00,0.0163504559060801,0.016531933
2019-05-31 08:25:00,0.0138808540675951,0.014759343
2019-05-31 08:30:00,0.01141125222911,0.013100346
2019-05-31 08:35:00,0.008941650390625,0.011446342
2019-05-31 08:40:00,0.0087203979492187,0.009795956
2019-05-31 08:45:00,0.0084991455078125,0.009717704
2019-05-31 08:50:00,0.008087158203125,0.009575132
2019-05-31 08:55:00,6.008148193359375e-05,0.009294839
2019-05-31 09:00:00,5.407333374023438e-05,0.0037005125
2019-05-31 09:05:00,4.8065185546875e-05,0.0039147427
2019-05-31 09:10:00,4.205703735351563e-05,0.0039243805
2019-05-31 09:15:00,3.604888916015625e-05,0.003925475
2019-05-31 09:20:00,3.0040740966796875e-05,0.003920512
2019-05-31 09:25:00,2.4032592773437503e-05,0.0039136386
2019-05-31 09:30:00,1.8024444580078124e-05,0.0039064684
2019-05-31 09:35:00,1.2016296386718751e-05,0.0038996856
2019-05-31 09:40:00,6.00814819335938e-06,0.003893478
2019-05-31 09:45:00,0.0,0.0038874717
2019-05-31 09:50:00,0.0013561248779296,0.0038818251
2019-05-31 09:55:00,0.0027122497558593,0.0048264405
2019-05-31 10:00:00,0.004068374633789,0.0057359496
2019-05-31 10:05:00,0.0054244995117187,0.0066428776
2019-05-31 10:10:00,0.006521224975585899,0.007548659
2019-05-31 10:15:00,0.0076179504394531,0.008273266
2019-05-31 10:20:00,0.0087146759033203,0.009005164
2019-05-31 10:25:00,0.0098114013671875,0.009738018
2019-05-31 10:30:00,0.00750732421875,0.010471489
2019-05-31 10:35:00,0.0052032470703125,0.008829413
2019-05-31 10:40:00,0.002899169921875,0.007282946
2019-05-31 10:45:00,0.0001163482666015,0.0057428977
2019-05-31 10:50:00,0.0021181106567382,0.0038718225
2019-05-31 10:55:00,0.004119873046875,0.0053505194
2019-05-31 11:00:00,0.0040257771809895,0.0067028855
2019-05-31 11:05:00,0.0039316813151041,0.0065820753
2019-05-31 11:10:00,0.0038375854492187,0.0065124193
2019-05-31 11:15:00,0.0037434895833332997,0.006445784
2019-05-31 11:20:00,0.0036493937174479,0.0063813934
2019-05-31 11:25:00,0.0035552978515625,0.0063180677
2019-05-31 11:30:00,0.0031509399414062,0.0062552043
2019-05-31 11:35:00,0.00274658203125,0.0059760055
2019-05-31 11:40:00,0.0023422241210937,0.0057051643
2019-05-31 11:45:00,0.0019378662109375,0.0054348856
2019-05-31 11:50:00,0.0015335083007812,0.0051648114
2019-05-31 11:55:00,0.0,0.004894677
2019-05-31 12:00:00,0.0002392133076985,0.003836949
2019-05-31 12:05:00,0.03106689453125,0.0040450646
2019-05-31 12:10:00,0.000457763671875,0.025586419
2019-05-31 12:15:00,0.0023620345375754,0.0032904153
2019-05-31 12:20:00,0.0030738657171075,0.005458297
2019-05-31 12:25:00,0.0037856968966397,0.0059341476
2019-05-31 12:30:00,0.0044975280761718,0.0064321016
2019-05-31 12:35:00,0.0032285054524739,0.0069152596
2019-05-31 12:40:00,0.001959482828776,0.0060099876
2019-05-31 12:45:00,0.0006904602050781,0.005156124
2019-05-31 12:50:00,8.678436279296875e-05,0.0043056034
2019-05-31 12:55:00,0.0014209747314453,0.003920889
2019-05-31 13:00:00,0.0219841003417968,0.0048704133
2019-05-31 13:05:00,0.0425472259521484,0.019201143
2019-05-31 13:10:00,0.0631103515625,0.032806706
2019-05-31 13:15:00,0.0474927425384521,0.04181381
2019-05-31 13:20:00,0.0318751335144043,0.034937188
2019-05-31 13:25:00,0.0162575244903564,0.024578482
2019-05-31 13:30:00,0.0006399154663085,0.014158605
2019-05-31 13:35:00,0.0035902659098307,0.0037717945
2019-05-31 13:40:00,0.0065406163533528,0.006340048
2019-05-31 13:45:00,0.009490966796875,0.0083750235
2019-05-31 13:50:00,0.0111083984375,0.010369639
2019-05-31 13:55:00,0.01324462890625,0.011408108
2019-05-31 14:00:00,0.015380859375,0.012839189
2019-05-31 14:05:00,0.017517089843750003,0.014257486
2019-05-31 14:10:00,0.0196533203125,0.015677778
2019-05-31 14:15:00,0.02178955078125,0.017100742
2019-05-31 14:20:00,0.02392578125,0.018525723
2019-05-31 14:25:00,0.0001872380574544,0.01995222
2019-05-31 14:30:00,0.005212942759195899,0.0032734184
2019-05-31 14:35:00,0.0102386474609375,0.0074703633
2019-05-31 14:40:00,0.0002307891845703,0.010888285
2019-05-31 14:45:00,0.0002288818359375,0.003771714
2019-05-31 14:50:00,0.00027632713317869993,0.004037615
2019-05-31 14:55:00,0.0003237724304199,0.0040825796
2019-05-31 15:00:00,0.0003712177276611,0.0041188016
2019-05-31 15:05:00,0.0004186630249023,0.004148555
2019-05-31 15:10:00,0.0033798217773437,0.0041762064
2019-05-31 15:15:00,9.250640869140624e-05,0.00623597
2019-05-31 15:20:00,0.0001392364501953,0.0038608382
2019-05-31 15:25:00,0.0001859664916992,0.0039721457
2019-05-31 15:30:00,0.0002326965332031,0.0040059616
2019-05-31 15:35:00,0.0003244876861572,0.0040388852
2019-05-31 15:40:00,0.0004162788391113,0.004101718
2019-05-31 15:45:00,0.0005080699920654,0.0041627595
2019-05-31 15:50:00,0.0005998611450195,0.0042235036
2019-05-31 15:55:00,0.0015398387251229,0.0042841984
2019-05-31 16:00:00,0.0024798163052262,0.004936424
2019-05-31 16:05:00,0.001891095062782,0.0055665514
2019-05-31 16:10:00,0.0013023738203377,0.0051286323
2019-05-31 16:15:00,0.0007136525778934,0.00473057
2019-05-31 16:20:00,0.0001249313354492,0.0043355995
2019-05-31 16:25:00,0.0009651184082031,0.003942193
2019-05-31 16:30:00,0.001805305480957,0.004545763
2019-05-31 16:35:00,0.0026454925537109,0.0051118075
2019-05-31 16:40:00,0.0034856796264648,0.0056746057
2019-05-31 16:45:00,0.0043258666992187,0.0062359874
2019-05-31 16:50:00,0.019191741943359295,0.0067970217
2019-05-31 16:55:00,0.0340576171875,0.017157292
2019-05-31 17:00:00,0.0002822875976562,0.027152881
2019-05-31 17:05:00,0.0016428470611572,0.003022609
2019-05-31 17:10:00,0.0030034065246582,0.0049391324
2019-05-31 17:15:00,0.0043639659881591,0.005900422
2019-05-31 17:20:00,0.0057245254516601,0.00684385
2019-05-31 17:25:00,0.0070850849151611,0.007763922
2019-05-31 17:30:00,0.008445644378662099,0.00867425
2019-05-31 17:35:00,0.007633409500122,0.0095811095
2019-05-31 17:40:00,0.006821174621582,0.008969569
2019-05-31 17:45:00,0.0060089397430419,0.008419011
2019-05-31 17:50:00,0.0051967048645019,0.007873566
2019-05-31 17:55:00,0.0043844699859619,0.0073308977
2019-05-31 18:00:00,0.0035722351074218,0.006789067
2019-05-31 18:05:00,0.0027600002288818,0.0062472373
2019-05-31 18:10:00,0.0019477653503417,0.005705107
2019-05-31 18:15:00,0.0011355304718017,0.0051626
2019-05-31 18:20:00,0.0003232955932617,0.00461975
2019-05-31 18:25:00,0.00228271484375,0.0040766224
2019-05-31 18:30:00,0.0042421340942382,0.005466248
2019-05-31 18:35:00,0.0062015533447265,0.006782977
2019-05-31 18:40:00,0.0081609725952148,0.008093866
2019-05-31 18:45:00,0.0101203918457031,0.009402178
2019-05-31 18:50:00,0.0106688908168247,0.01071016
2019-05-31 18:55:00,0.0085938998631068,0.011032523
2019-05-31 19:00:00,0.0065189089093889,0.009561677
2019-05-31 19:05:00,0.004443917955671,0.0081687495
2019-05-31 19:10:00,0.0023689270019531,0.0067824363
2019-05-31 19:15:00,0.0002717971801757,0.005398817
2019-05-31 19:20:00,0.0146484375,0.003999797
2019-05-31 19:25:00,0.0006341934204100999,0.0141003085
2019-05-31 19:30:00,0.0034028833562677,0.0039223335
2019-05-31 19:35:00,0.0061715732921253,0.0062168348
2019-05-31 19:40:00,0.0089402632279829,0.008088997
2019-05-31 19:45:00,0.0125334630370611,0.009951152
2019-05-31 19:50:00,0.0161266628461392,0.01238004
2019-05-31 19:55:00,0.0197198626552174,0.014783091
2019-05-31 20:00:00,0.0233130624642956,0.01718389
2019-05-31 20:05:00,0.0269062622733738,0.01958435
2019-05-31 20:10:00,0.0013923645019531,0.021985354
2019-05-31 20:15:00,0.0107574462890625,0.004010036
2019-05-31 20:20:00,0.0128860473632812,0.011296032
2019-05-31 20:25:00,0.0150146484375,0.012571039
2019-05-31 20:30:00,0.0004901885986328,0.014008034
2019-05-31 20:35:00,0.0003595352172851,0.0037899024
2019-05-31 20:40:00,0.0010177612304687,0.0040996997
2019-05-31 20:45:00,0.0016759872436523,0.0045858053
2019-05-31 20:50:00,0.0023342132568359,0.005039095
2019-05-31 20:55:00,0.0029924392700195,0.0054804925
2019-05-31 21:00:00,0.0036506652832031,0.005917411
2019-05-31 21:05:00,0.0009346008300781,0.0063533806
2019-05-31 21:10:00,0.0006217956542968,0.0044355933
2019-05-31 21:15:00,0.0003089904785156,0.0042856764
2019-05-31 21:20:00,0.0035820007324218,0.0040792273
2019-05-31 21:25:00,0.0116658210754394,0.0063724616
2019-05-31 21:30:00,0.0892333984375,0.011930509
2019-05-31 21:35:00,0.0630956579137731,0.050650258
2019-05-31 21:40:00,0.0369579173900463,0.040792394
2019-05-31 21:45:00,0.0108201768663194,0.027577862
2019-05-31 21:50:00,0.0093682607014973,0.010133929
2019-05-31 21:55:00,0.0079163445366753,0.010002402
2019-05-31 22:00:00,0.0064644283718532,0.009114043
2019-05-31 22:05:00,0.0050125122070312,0.008187984
2019-05-31 22:10:00,0.0036373138427734,0.007229869
2019-05-31 22:15:00,0.0022621154785156,0.006312007
2019-05-31 22:20:00,0.0018850962320963,0.0053869705
2019-05-31 22:25:00,0.001508076985677,0.005157423
2019-05-31 22:30:00,0.0011310577392578,0.0049014
2019-05-31 22:35:00,0.0007540384928385,0.004644787
2019-05-31 22:40:00,0.0003770192464192,0.0043884586
2019-05-31 22:45:00,0.0,0.0041329577
2019-05-31 22:50:00,0.0001440048217773,0.0038783033
2019-05-31 22:55:00,0.0047099316014652,0.0039876145
2019-05-31 23:00:00,0.0092758583811532,0.0071681133
2019-05-31 23:05:00,0.007446435911465501,0.010233134
2019-05-31 23:10:00,0.0056170134417778,0.008820272
2019-05-31 23:15:00,0.0037875909720901,0.0075796484
2019-05-31 23:20:00,0.0019581685024025,0.006351267
2019-05-31 23:25:00,0.0001287460327148,0.005129504
2019-05-31 23:30:00,0.0024826604556414,0.003909479
2019-05-31 23:35:00,0.0048365748785679,0.0056058355
2019-05-31 23:40:00,0.0071904893014945,0.00719179
2019-05-31 23:45:00,0.0130615234375,0.008768521
2019-05-31 23:50:00,0.015869140625,0.012798347
2019-05-31 23:55:00,0.037109375,0.014589253
