timestamp,actual,xgboost
2019-05-25 19:20:00,0.0245887756347656,0.018560076
2019-05-25 19:25:00,0.030364990234375,0.024508076
2019-05-25 19:30:00,0.0210673014322916,0.026345808
2019-05-25 19:35:00,0.0178731282552083,0.013256434
2019-05-25 19:40:00,0.014678955078125,0.013616119
2019-05-25 19:45:00,0.0127304077148437,0.011967637
2019-05-25 19:50:00,0.0107818603515625,0.011191802
2019-05-25 19:55:00,0.0088333129882812,0.00826516
2019-05-25 20:00:00,0.006884765625,0.009005036
2019-05-25 20:05:00,0.0049362182617187,0.0070373253
2019-05-25 20:10:00,0.0151290893554687,0.0051288106
2019-05-25 20:15:00,0.0113801956176757,0.015571682
2019-05-25 20:20:00,0.0076313018798828,0.008442655
2019-05-25 20:25:00,0.0038824081420898,0.0054036854
2019-05-25 20:30:00,0.0001335144042968,0.008115901
2019-05-25 20:35:00,0.0106964111328125,0.0028828138
2019-05-25 20:40:00,0.00677490234375,0.013381956
2019-05-25 20:45:00,0.0028533935546875,0.005905658
2019-05-25 20:50:00,0.0008172988891601,0.0041177883
2019-05-25 20:55:00,0.0053163846333821,0.004262753
2019-05-25 21:00:00,0.0,0.0068498496
2019-05-25 21:05:00,0.0011329650878906,0.0046896045
2019-05-25 21:10:00,0.0032901255289713,0.0024053429
2019-05-25 21:15:00,0.005447285970052,0.004196346
2019-05-25 21:20:00,0.0076044464111328,0.006277995
2019-05-25 21:25:00,0.0097616068522135,0.0078772735
2019-05-25 21:30:00,0.0119187672932942,0.010304233
2019-05-25 21:35:00,0.014075927734375,0.011132815
2019-05-25 21:40:00,0.2692695030799278,0.01413512
2019-05-25 21:45:00,0.0,0.024227848
2019-05-25 21:50:00,0.0001664161682128,0.008926228
2019-05-25 21:55:00,0.0003328323364257,0.011781125
2019-05-25 22:00:00,0.0004992485046386,0.00047739613
2019-05-25 22:05:00,0.0006656646728515,0.0017301379
2019-05-25 22:10:00,0.0008320808410644,0.0015295512
2019-05-25 22:15:00,0.0009984970092773,0.002870016
2019-05-25 22:20:00,0.0011649131774902,0.0021292125
2019-05-25 22:25:00,0.0013313293457031,0.003961183
2019-05-25 22:30:00,0.0087528228759765,0.0022364988
2019-05-25 22:35:00,0.01617431640625,0.012165753
2019-05-25 22:40:00,0.0001258850097656,0.018141527
2019-05-25 22:45:00,0.0035584767659505,0.009677611
2019-05-25 22:50:00,0.0069910685221354,0.0045932448
2019-05-25 22:55:00,0.0104236602783203,0.010341849
2019-05-25 23:00:00,0.0069491068522135,0.011165927
2019-05-25 23:05:00,0.0034745534261067,0.0052455883
2019-05-25 23:10:00,0.0,0.0033744676
2019-05-25 23:15:00,0.03985595703125,0.0051602004
2019-05-25 23:20:00,0.03564453125,0.0360454
2019-05-25 23:25:00,0.03143310546875,0.029429177
2019-05-25 23:30:00,0.001477559407552,0.023904333
2019-05-25 23:35:00,0.0023152033487955,0.0037003204
2019-05-25 23:40:00,0.003152847290039,0.003829798
2019-05-25 23:45:00,0.0039904912312825,0.004062193
2019-05-25 23:50:00,0.004828135172526,0.005859095
2019-05-25 23:55:00,0.0056657791137695,0.004534415
2019-05-26 00:00:00,0.006503423055013,0.0059314063
2019-05-26 00:05:00,0.0073410669962565,0.0071352865
2019-05-26 00:10:00,0.0081787109375,0.007935262
2019-05-26 00:15:00,0.0108413696289062,0.00752858
2019-05-26 00:20:00,0.0135040283203125,0.009643763
2019-05-26 00:25:00,0.0161666870117187,0.0125966845
2019-05-26 00:30:00,0.018829345703125,0.013046426
2019-05-26 00:35:00,0.0214920043945312,0.017176531
2019-05-26 00:40:00,0.0241546630859375,0.019766161
2019-05-26 00:45:00,0.0268173217773437,0.020480117
2019-05-26 00:50:00,0.02947998046875,0.025455222
2019-05-26 00:55:00,0.0269571940104166,0.02538991
2019-05-26 01:00:00,0.0244344075520833,0.024294963
2019-05-26 01:05:00,0.02191162109375,0.017438807
2019-05-26 01:10:00,0.0193888346354166,0.015576193
2019-05-26 01:15:00,0.0168660481770833,0.019298628
2019-05-26 01:20:00,0.01434326171875,0.016983176
2019-05-26 01:25:00,0.038299560546875,0.012296746
2019-05-26 01:30:00,0.062255859375,0.035099104
2019-05-26 01:35:00,0.0500846862792968,0.036282457
2019-05-26 01:40:00,0.0379135131835937,0.042931724
2019-05-26 01:45:00,0.0257423400878906,0.029032134
2019-05-26 01:50:00,0.0135711669921875,0.020218242
2019-05-26 01:55:00,0.0013999938964843,0.0074252863
2019-05-26 02:00:00,0.0007991790771484,0.0050902083
2019-05-26 02:05:00,0.0001983642578125,0.001808581
2019-05-26 02:10:00,0.0013751983642578,0.002115374
2019-05-26 02:15:00,0.0025520324707031,0.0022369842
2019-05-26 02:20:00,0.0037288665771484,0.003329896
2019-05-26 02:25:00,0.0049057006835937,0.00356489
2019-05-26 02:30:00,0.006082534790039,0.005572399
2019-05-26 02:35:00,0.0053306579589843,0.0051197177
2019-05-26 02:40:00,0.0045787811279296,0.005091312
2019-05-26 02:45:00,0.0038269042968749,0.004725514
2019-05-26 02:50:00,0.0030750274658203,0.0034298268
2019-05-26 02:55:00,0.0023231506347656,0.0033328766
2019-05-26 03:00:00,0.0026473999023437,0.002965715
2019-05-26 03:05:00,0.0029716491699218,0.0035931042
2019-05-26 03:10:00,0.0032958984375,0.0041339593
2019-05-26 03:15:00,0.0036201477050781,0.004245258
2019-05-26 03:20:00,0.0024347305297851,0.0039463528
2019-05-26 03:25:00,0.0012493133544921,0.0031512422
2019-05-26 03:30:00,6.389617919921875e-05,0.0033256472
2019-05-26 03:35:00,0.0059432983398437,0.0031132519
2019-05-26 03:40:00,0.010953630719866,0.00663927
2019-05-26 03:45:00,0.0159639630998883,0.01202793
2019-05-26 03:50:00,0.0209742954799107,0.014241302
2019-05-26 03:55:00,0.025984627859933,0.020074395
2019-05-26 04:00:00,0.0309949602399553,0.02392641
2019-05-26 04:05:00,0.0360052926199776,0.026111498
2019-05-26 04:10:00,0.041015625,0.03213478
2019-05-26 04:15:00,0.05987548828125,0.03247441
2019-05-26 04:20:00,0.0464935302734375,0.041158352
2019-05-26 04:25:00,0.033111572265625,0.03309263
2019-05-26 04:30:00,0.0197296142578125,0.020351062
2019-05-26 04:35:00,0.00634765625,0.009349875
2019-05-26 04:40:00,0.0108439127604166,0.0030119927
2019-05-26 04:45:00,0.0153401692708333,0.010401224
2019-05-26 04:50:00,0.01983642578125,0.013050062
2019-05-26 04:55:00,0.0243326822916666,0.018785827
2019-05-26 05:00:00,0.0288289388020833,0.020554457
2019-05-26 05:05:00,0.0333251953125,0.025439706
2019-05-26 05:10:00,0.0168447494506835,0.028334092
2019-05-26 05:15:00,0.0003643035888671,0.00893185
2019-05-26 05:20:00,0.04718017578125,0.004266289
2019-05-26 05:25:00,0.03399658203125,0.049171202
2019-05-26 05:30:00,0.0233052571614583,0.027057478
2019-05-26 05:35:00,0.0126139322916666,0.013764824
2019-05-26 05:40:00,0.001922607421875,0.0062387446
2019-05-26 05:45:00,0.00128173828125,0.003751944
2019-05-26 05:50:00,0.000640869140625,0.00256096
2019-05-26 05:55:00,0.0,0.0021765365
2019-05-26 06:00:00,0.0001529057820638,0.006226264
2019-05-26 06:05:00,0.0003058115641276,0.0020020953
2019-05-26 06:10:00,0.0004587173461914,0.0031181325
2019-05-26 06:15:00,0.0023849010467529,0.0017811047
2019-05-26 06:20:00,0.0043110847473144,0.002320181
2019-05-26 06:25:00,0.0062372684478759,0.0039115124
2019-05-26 06:30:00,0.0081634521484375,0.01186832
2019-05-26 06:35:00,0.0049641927083333,0.009602765
2019-05-26 06:40:00,0.0017649332682291,0.005289705
2019-05-26 06:45:00,7.724761962890625e-05,0.003085504
2019-05-26 06:50:00,0.0030595064163208,0.0042837565
2019-05-26 06:55:00,0.0060417652130126,0.004074322
2019-05-26 07:00:00,0.0090240240097045,0.0064698625
2019-05-26 07:05:00,0.0120062828063964,0.009400816
2019-05-26 07:10:00,0.0092140436172485,0.012645779
2019-05-26 07:15:00,0.0064218044281005,0.006991795
2019-05-26 07:20:00,0.0036295652389526,0.007336135
2019-05-26 07:25:00,0.0008373260498046,0.0067613716
2019-05-26 07:30:00,0.0001440048217773,0.0033801633
2019-05-26 07:35:00,0.0002680778503417,0.0036723597
2019-05-26 07:40:00,0.0003921508789062,0.001548172
2019-05-26 07:45:00,0.0005162239074707,0.0026358222
2019-05-26 07:50:00,0.0006402969360351,0.0012813696
2019-05-26 07:55:00,0.0007643699645996,0.00214649
2019-05-26 08:00:00,0.000888442993164,0.0021062721
2019-05-26 08:05:00,0.0010125160217285,0.002218105
2019-05-26 08:10:00,0.0011365890502929,0.002540291
2019-05-26 08:15:00,0.0012606620788574,0.002556869
2019-05-26 08:20:00,0.0013847351074218,0.0024999299
2019-05-26 08:25:00,0.0002632141113281,0.0026645733
2019-05-26 08:30:00,0.0052947998046875,0.0022449915
2019-05-26 08:35:00,0.0151875813802083,0.0069857524
2019-05-26 08:40:00,0.0250803629557291,0.018506642
2019-05-26 08:45:00,0.03497314453125,0.025219457
2019-05-26 08:50:00,0.026257038116455,0.028271656
2019-05-26 08:55:00,0.0175409317016601,0.01924026
2019-05-26 09:00:00,0.0088248252868652,0.010484605
2019-05-26 09:05:00,0.0001087188720703,0.004717348
2019-05-26 09:10:00,0.0001313686370849,0.013899323
2019-05-26 09:15:00,0.0001540184020996,0.002371179
2019-05-26 09:20:00,0.0001766681671142,0.0017455018
2019-05-26 09:25:00,0.0001993179321289,0.003035142
2019-05-26 09:30:00,0.0002219676971435,0.0008750734
2019-05-26 09:35:00,0.0002446174621582,0.0012904279
2019-05-26 09:40:00,0.0002672672271728,0.00095619634
2019-05-26 09:45:00,0.0002899169921875,0.0062683127
2019-05-26 09:50:00,0.0003125667572021,0.006602709
2019-05-26 09:55:00,0.0003352165222167,0.0031827556
2019-05-26 10:00:00,0.0003578662872314,0.0019309992
2019-05-26 10:05:00,0.000380516052246,0.002014082
2019-05-26 10:10:00,0.0016040802001953,0.002212883
2019-05-26 10:15:00,0.0028276443481445,0.0021557743
2019-05-26 10:20:00,0.0040512084960937,0.0037601166
2019-05-26 10:25:00,0.0005264282226562,0.0046466007
2019-05-26 10:30:00,0.01580810546875,0.0030940697
2019-05-26 10:35:00,0.0007686614990234,0.021037957
2019-05-26 10:40:00,0.0148557775160845,0.003993258
2019-05-26 10:45:00,0.002227783203125,0.01767486
2019-05-26 10:50:00,0.0053700711151069,0.003622623
2019-05-26 10:55:00,0.0085123590270888,0.0058274
2019-05-26 11:00:00,0.0116546469390707,0.008416446
2019-05-26 11:05:00,0.0147969348510526,0.012390357
2019-05-26 11:10:00,0.0179392227630346,0.014210355
2019-05-26 11:15:00,0.0210815106750165,0.017500887
2019-05-26 11:20:00,0.0242237985869984,0.022037681
2019-05-26 11:25:00,0.009552001953125,0.019817416
2019-05-26 11:30:00,0.00906982421875,0.0043440214
2019-05-26 11:35:00,0.008587646484375,0.0077064596
2019-05-26 11:40:00,0.00810546875,0.008499829
2019-05-26 11:45:00,0.007623291015625,0.007974108
2019-05-26 11:50:00,0.00714111328125,0.0077682827
2019-05-26 11:55:00,0.005950927734375,0.0076897293
2019-05-26 12:00:00,0.0047607421875,0.0060378728
2019-05-26 12:05:00,0.003570556640625,0.0044661886
2019-05-26 12:10:00,0.00238037109375,0.0032024458
2019-05-26 12:15:00,0.001190185546875,0.002582919
2019-05-26 12:20:00,0.0,0.0030839555
2019-05-26 12:25:00,0.0013961791992187,0.0037768648
2019-05-26 12:30:00,0.0027923583984375,0.0028970968
2019-05-26 12:35:00,0.0041885375976562,0.0040109484
2019-05-26 12:40:00,0.005584716796875,0.0045957803
2019-05-26 12:45:00,0.0069808959960937,0.006232365
2019-05-26 12:50:00,0.0083770751953125,0.008893861
2019-05-26 12:55:00,0.0097732543945312,0.00822387
2019-05-26 13:00:00,0.01116943359375,0.011543878
2019-05-26 13:05:00,0.0125656127929687,0.010128725
2019-05-26 13:10:00,0.0139617919921875,0.011780613
2019-05-26 13:15:00,0.0127716064453125,0.011129281
2019-05-26 13:20:00,8.869171142578125e-05,0.011586402
2019-05-26 13:25:00,0.000533103942871,0.0046443227
2019-05-26 13:30:00,0.0002498626708984,0.003187626
2019-05-26 13:35:00,0.0011599858601888,0.0024040127
2019-05-26 13:40:00,0.0020701090494791,0.0024697105
2019-05-26 13:45:00,0.0029802322387695,0.0025164234
2019-05-26 13:50:00,0.01263427734375,0.0032257275
2019-05-26 13:55:00,0.0095326900482177,0.014953369
2019-05-26 14:00:00,0.0064311027526855,0.0071172314
2019-05-26 14:05:00,0.0033295154571533,0.0066517913
2019-05-26 14:10:00,0.000227928161621,0.0034749457
2019-05-26 14:15:00,0.0071868896484375,0.0029245638
2019-05-26 14:20:00,0.0001993179321289,0.009307605
2019-05-26 14:25:00,0.017974853515625,0.0029525892
2019-05-26 14:30:00,0.0136694908142089,0.021948451
2019-05-26 14:35:00,0.0093641281127929,0.011182912
2019-05-26 14:40:00,0.0050587654113769,0.0058739637
2019-05-26 14:45:00,0.0007534027099609,0.009208088
2019-05-26 14:50:00,0.0261777242024739,0.0029054417
2019-05-26 14:55:00,0.0516020456949869,0.024188248
2019-05-26 15:00:00,0.0770263671875,0.044501588
2019-05-26 15:05:00,0.0396575927734375,0.052261144
2019-05-26 15:10:00,0.002288818359375,0.016653968
2019-05-26 15:15:00,0.01495361328125,0.00070127076
2019-05-26 15:20:00,0.009185791015625,0.015720228
2019-05-26 15:25:00,0.0107879638671875,0.0066212593
2019-05-26 15:30:00,0.0114364624023437,0.010272019
2019-05-26 15:35:00,0.0120849609375,0.009558519
2019-05-26 15:40:00,0.0127334594726562,0.0106485905
2019-05-26 15:45:00,0.0133819580078125,0.012068065
2019-05-26 15:50:00,0.024627685546875,0.010633521
2019-05-26 15:55:00,0.0201416015625,0.024484484
2019-05-26 16:00:00,0.0132203102111816,0.015075652
2019-05-26 16:05:00,0.0062990188598632,0.008911053
2019-05-26 16:10:00,0.0036973618624503,0.0032546462
2019-05-26 16:15:00,0.0010957048650373,0.003596265
2019-05-26 16:20:00,0.0046536008218177,0.0033927015
2019-05-26 16:25:00,0.0082114967785981,0.005933775
2019-05-26 16:30:00,0.0117693927353784,0.008884139
2019-05-26 16:35:00,0.0153272886921588,0.012472263
2019-05-26 16:40:00,0.0188851846489392,0.01441081
2019-05-26 16:45:00,0.0224430806057196,0.017220616
2019-05-26 16:50:00,0.0260009765625,0.01892727
2019-05-26 16:55:00,0.0142974853515625,0.023224449
2019-05-26 17:00:00,0.0102157592773437,0.006090595
2019-05-26 17:05:00,0.006134033203125,0.0078988755
2019-05-26 17:10:00,0.0020523071289062,0.005713416
2019-05-26 17:15:00,0.03082275390625,0.003824687
2019-05-26 17:20:00,0.02386474609375,0.025959376
2019-05-26 17:25:00,0.0,0.015816769
2019-05-26 17:30:00,8.131663004557292e-05,0.0055434178
2019-05-26 17:35:00,0.0001626332600911,0.0014107019
2019-05-26 17:40:00,0.0002439498901367,0.0017950782
2019-05-26 17:45:00,0.0003252665201822,0.00091193075
2019-05-26 17:50:00,0.0004065831502278,0.0016224205
2019-05-26 17:55:00,0.0004878997802734,0.0019701233
2019-05-26 18:00:00,0.0003516515096028,0.005341166
2019-05-26 18:05:00,0.0002154032389322,0.0035015054
2019-05-26 18:10:00,7.915496826171875e-05,0.0026182432
2019-05-26 18:15:00,0.0015724182128906,0.003800815
2019-05-26 18:20:00,0.0030656814575195,0.0060883895
2019-05-26 18:25:00,0.0045589447021484,0.004454137
2019-05-26 18:30:00,0.0060522079467773,0.0047886143
2019-05-26 18:35:00,0.0075454711914062,0.00556922
2019-05-26 18:40:00,0.0076181512129934,0.008398059
2019-05-26 18:45:00,0.0076908312345805,0.007939515
2019-05-26 18:50:00,0.0077635112561677,0.007928135
2019-05-26 18:55:00,0.0078361912777549,0.0072513344
2019-05-26 19:00:00,0.0079088712993421,0.007449942
2019-05-26 19:05:00,0.0079815513209292,0.007593277
2019-05-26 19:10:00,0.0080542313425164,0.0077014007
2019-05-26 19:15:00,0.0081269113641036,0.0071719573
2019-05-26 19:20:00,0.0081995913856907,0.007758434
2019-05-26 19:25:00,0.0082722714072779,0.007773632
2019-05-26 19:30:00,0.0083449514288651,0.007773632
2019-05-26 19:35:00,0.0084176314504523,0.008033748
2019-05-26 19:40:00,0.0084903114720394,0.008010035
2019-05-26 19:45:00,0.0085629914936266,0.0089766625
2019-05-26 19:50:00,0.0086356715152138,0.0089766625
2019-05-26 19:55:00,0.0087083515368009,0.009007962
2019-05-26 20:00:00,0.0087810315583881,0.009007962
2019-05-26 20:05:00,0.0088537115799753,0.009007962
2019-05-26 20:10:00,0.0089263916015625,0.009089561
2019-05-26 20:15:00,0.0082650551429161,0.00917222
2019-05-26 20:20:00,0.0076037186842698,0.008138237
2019-05-26 20:25:00,0.0069423822256234,0.007845051
2019-05-26 20:30:00,0.0062810457669771,0.0074328883
2019-05-26 20:35:00,0.0056197093083308,0.0074328883
2019-05-26 20:40:00,0.0049583728496844,0.0061555835
2019-05-26 20:45:00,0.0042970363910381,0.0054515684
2019-05-26 20:50:00,0.0036356999323918,0.0046067764
2019-05-26 20:55:00,0.0029743634737454,0.0043538106
2019-05-26 21:00:00,0.0023130270150991,0.0038207944
2019-05-26 21:05:00,0.0016516905564528,0.0036710198
2019-05-26 21:10:00,0.0009903540978064,0.004377749
2019-05-26 21:15:00,0.0003290176391601,0.0027988935
2019-05-26 21:20:00,0.0005643027169363,0.0023734975
2019-05-26 21:25:00,0.0007995877947126,0.0024864436
2019-05-26 21:30:00,0.0010348728724888,0.0025827624
2019-05-26 21:35:00,0.001270157950265,0.0022445275
2019-05-26 21:40:00,0.0015054430280412,0.002337629
2019-05-26 21:45:00,0.0017407281058175,0.0026695475
2019-05-26 21:50:00,0.0019760131835937,0.0036208315
2019-05-26 21:55:00,0.0,0.003333429
2019-05-26 22:00:00,0.001237620478091,0.0058403295
2019-05-26 22:05:00,0.0011415688887886,0.0031435192
2019-05-26 22:10:00,0.0010455172994862,0.0029085507
2019-05-26 22:15:00,0.0009494657101838,0.0028404067
2019-05-26 22:20:00,0.0008534141208814,0.0035271824
2019-05-26 22:25:00,0.000757362531579,0.002863625
2019-05-26 22:30:00,0.0006613109422766,0.0026444504
2019-05-26 22:35:00,0.0005652593529742,0.0041075964
2019-05-26 22:40:00,0.0004692077636718,0.0032926218
2019-05-26 22:45:00,0.03350830078125,0.0031322476
2019-05-26 22:50:00,0.032562255859375,0.03539517
2019-05-26 22:55:00,0.0316162109375,0.024147715
2019-05-26 23:00:00,0.030670166015625,0.021149218
2019-05-26 23:05:00,0.0310345274029356,0.023985615
2019-05-26 23:10:00,0.0313988887902462,0.024190608
2019-05-26 23:15:00,0.0317632501775568,0.02359726
2019-05-26 23:20:00,0.0321276115648674,0.023043334
2019-05-26 23:25:00,0.032491972952178,0.022600612
2019-05-26 23:30:00,0.0328563343394886,0.02400574
2019-05-26 23:35:00,0.0002508163452148,0.024568066
2019-05-26 23:40:00,0.02056884765625,0.005983276
2019-05-26 23:45:00,0.0115795135498046,0.020583007
2019-05-26 23:50:00,0.0025901794433593,0.007254256
2019-05-26 23:55:00,0.0022928755679448,0.0072993254
2019-05-27 00:00:00,0.0019955716925302,0.0056138937
2019-05-27 00:05:00,0.0016982678171157,0.0042036325
2019-05-27 00:10:00,0.0014009639417011,0.004345889
2019-05-27 00:15:00,0.0011036600662866,0.0053715818
2019-05-27 00:20:00,0.000806356190872,0.00330788
2019-05-27 00:25:00,0.0005090523154575,0.0032897564
2019-05-27 00:30:00,0.0003506088451066,0.0044465424
2019-05-27 00:35:00,0.0001921653747558,0.0032321746
2019-05-27 00:40:00,0.0032386779785156,0.0033803782
2019-05-27 00:45:00,0.0024147033691406,0.0043119336
2019-05-27 00:50:00,0.0037012100219726,0.003035877
2019-05-27 00:55:00,0.0049877166748046,0.0038417699
2019-05-27 01:00:00,0.0062742233276367,0.005870041
2019-05-27 01:05:00,0.0075607299804687,0.0076706605
2019-05-27 01:10:00,0.0093806385993957,0.00824379
2019-05-27 01:15:00,0.0075045108795166,0.009471937
2019-05-27 01:20:00,0.0056283831596374,0.008503414
2019-05-27 01:25:00,0.0037522554397583,0.005187801
2019-05-27 01:30:00,0.0018761277198791,0.0033470585
2019-05-27 01:35:00,0.0,0.0032324716
2019-05-27 01:40:00,0.0002517700195312,0.0075489897
2019-05-27 01:45:00,0.0012313842773437,0.001987667
2019-05-27 01:50:00,0.0022109985351562,0.0026400096
2019-05-27 01:55:00,0.0031906127929687,0.002865471
2019-05-27 02:00:00,0.0041702270507812,0.003595881
2019-05-27 02:05:00,0.0051498413085937,0.0050453166
2019-05-27 02:10:00,0.0114428202311197,0.005670622
2019-05-27 02:15:00,0.0177357991536458,0.013040334
2019-05-27 02:20:00,0.0240287780761718,0.018307326
2019-05-27 02:25:00,0.0303217569986979,0.022494122
2019-05-27 02:30:00,0.0366147359212239,0.025931135
2019-05-27 02:35:00,0.04290771484375,0.027898848
2019-05-27 02:40:00,0.0341415405273437,0.025728995
2019-05-27 02:45:00,0.0253753662109375,0.02235754
2019-05-27 02:50:00,0.0166091918945312,0.018737135
2019-05-27 02:55:00,0.007843017578125,0.008626144
2019-05-27 03:00:00,0.0076789855957031,0.005015072
2019-05-27 03:05:00,0.0075149536132812,0.007018109
2019-05-27 03:10:00,0.0073509216308593,0.0064049866
2019-05-27 03:15:00,0.0071868896484375,0.00633402
2019-05-27 03:20:00,0.0037436485290527,0.006860862
2019-05-27 03:25:00,0.0003004074096679,0.0031341433
2019-05-27 03:30:00,6.29425048828125e-05,0.004613745
2019-05-27 03:35:00,0.0117034912109375,0.0025429141
2019-05-27 03:40:00,0.017120361328125,0.014007307
2019-05-27 03:45:00,0.0272420247395833,0.02003967
2019-05-27 03:50:00,0.0373636881510416,0.026078597
2019-05-27 03:55:00,0.0474853515625,0.030262902
2019-05-27 04:00:00,0.0398162841796875,0.04741283
2019-05-27 04:05:00,0.032147216796875,0.031440396
2019-05-27 04:10:00,0.0244781494140625,0.022818943
2019-05-27 04:15:00,0.01680908203125,0.012091964
2019-05-27 04:20:00,0.0091400146484375,0.008827477
2019-05-27 04:25:00,0.0058285168239048,0.0054407003
2019-05-27 04:30:00,0.0025170189993722,0.006570325
2019-05-27 04:35:00,0.0016647747584751,0.0027377738
2019-05-27 04:40:00,0.0008125305175781,0.0028875305
2019-05-27 04:45:00,0.0016649034288194,0.0030482514
2019-05-27 04:50:00,0.0025172763400607,0.0022926808
2019-05-27 04:55:00,0.003369649251302,0.003147043
2019-05-27 05:00:00,0.0042220221625434,0.0028910707
2019-05-27 05:05:00,0.0050743950737847,0.0038627377
2019-05-27 05:10:00,0.005926767985026,0.00662809
2019-05-27 05:15:00,0.0067791408962673,0.0058230856
2019-05-27 05:20:00,0.0076315138075086,0.007705466
2019-05-27 05:25:00,0.00848388671875,0.008552015
2019-05-27 05:30:00,0.0016098022460937,0.009424503
2019-05-27 05:35:00,0.0012040138244628,0.0049351617
2019-05-27 05:40:00,0.000798225402832,0.0028360628
2019-05-27 05:45:00,0.0004572868347167,0.0027206088
2019-05-27 05:50:00,0.0001163482666015,0.0029197475
2019-05-27 05:55:00,0.0003582000732421,0.0032333264
2019-05-27 06:00:00,0.0006000518798828,0.0019883527
2019-05-27 06:05:00,0.0008419036865234,0.0018108574
2019-05-27 06:10:00,0.001083755493164,0.0022729512
2019-05-27 06:15:00,0.0013256072998046,0.00222688
2019-05-27 06:20:00,0.0167760848999023,0.0027378798
2019-05-27 06:25:00,0.0322265625,0.022050276
2019-05-27 06:30:00,0.0268722534179687,0.029103039
2019-05-27 06:35:00,0.0215179443359375,0.022613188
2019-05-27 06:40:00,0.0161636352539062,0.0138008995
2019-05-27 06:45:00,0.010809326171875,0.010062565
2019-05-27 06:50:00,0.0054550170898437,0.0074743144
2019-05-27 06:55:00,0.0,0.00353176
2019-05-27 07:00:00,1.8861558702256945e-05,0.0069233635
2019-05-27 07:05:00,3.772311740451389e-05,0.0039954744
2019-05-27 07:10:00,5.658467610677083e-05,0.002572847
2019-05-27 07:15:00,7.544623480902778e-05,0.0019015555
2019-05-27 07:20:00,9.430779351128472e-05,0.0011414184
2019-05-27 07:25:00,0.0001131693522135,0.0016399492
2019-05-27 07:30:00,0.0001320309109157,0.0035329114
2019-05-27 07:35:00,0.000150892469618,0.008203843
2019-05-27 07:40:00,0.0001697540283203,0.0056795166
2019-05-27 07:45:00,0.0015071233113606,0.004352513
2019-05-27 07:50:00,0.002844492594401,0.0034368753
2019-05-27 07:55:00,0.0041818618774414,0.0042738216
2019-05-27 08:00:00,0.0055192311604817,0.0049558175
2019-05-27 08:05:00,0.0068566004435221,0.0063893516
2019-05-27 08:10:00,0.0081939697265625,0.007029651
2019-05-27 08:15:00,0.0015048777803461,0.008147381
2019-05-27 08:20:00,0.0012143926417573,0.004245109
2019-05-27 08:25:00,0.0009239075031686,0.0024967564
2019-05-27 08:30:00,0.0006334223645798,0.0021263815
2019-05-27 08:35:00,0.0003429372259911,0.0022961479
2019-05-27 08:40:00,5.245208740234375e-05,0.002211191
2019-05-27 08:45:00,0.01690673828125,0.005222005
2019-05-27 08:50:00,0.01116943359375,0.022455588
2019-05-27 08:55:00,0.0447998046875,0.008930018
2019-05-27 09:00:00,0.0341851711273193,0.037675668
2019-05-27 09:05:00,0.0235705375671386,0.02719687
2019-05-27 09:10:00,0.012955904006958,0.016133977
2019-05-27 09:15:00,0.0023412704467773,0.0071483785
2019-05-27 09:20:00,0.0015939076741536,0.0043269703
2019-05-27 09:25:00,0.0008465449015299,0.0030125133
2019-05-27 09:30:00,9.918212890625e-05,0.0026522097
2019-05-27 09:35:00,0.0002283368791852,0.00278393
2019-05-27 09:40:00,0.0003574916294642,0.0018586648
2019-05-27 09:45:00,0.0004866463797433,0.0017055328
2019-05-27 09:50:00,0.0006158011300223,0.0020221726
2019-05-27 09:55:00,0.0007449558803013,0.0020850473
2019-05-27 10:00:00,0.0008741106305803,0.0017204572
2019-05-27 10:05:00,0.0010032653808593,0.005171563
2019-05-27 10:10:00,0.0027643839518229,0.003791733
2019-05-27 10:15:00,0.0045255025227864,0.0036538003
2019-05-27 10:20:00,0.00628662109375,0.0050553908
2019-05-27 10:25:00,0.0064529418945312,0.0074233115
2019-05-27 10:30:00,0.0066192626953125,0.007888835
2019-05-27 10:35:00,0.0067855834960937,0.0076684374
2019-05-27 10:40:00,0.006951904296875,0.0074466416
2019-05-27 10:45:00,0.0071182250976562,0.0072493795
2019-05-27 10:50:00,0.0002899169921875,0.00705907
2019-05-27 10:55:00,0.0111923217773437,0.006029521
2019-05-27 11:00:00,0.0220947265625,0.01405949
2019-05-27 11:05:00,0.0112209320068359,0.020739168
2019-05-27 11:10:00,0.0003471374511718,0.0060306406
2019-05-27 11:15:00,0.0013990402221679,0.0039302153
2019-05-27 11:20:00,0.002450942993164,0.002342629
2019-05-27 11:25:00,0.0035028457641601,0.00347109
2019-05-27 11:30:00,0.0045547485351562,0.003715034
2019-05-27 11:35:00,0.0,0.005164019
2019-05-27 11:40:00,0.0021476745605468,0.005678435
2019-05-27 11:45:00,0.0,0.004189768
2019-05-27 11:50:00,0.0184733072916666,0.0037841448
2019-05-27 11:55:00,0.0369466145833333,0.022262653
2019-05-27 12:00:00,0.055419921875,0.028653098
2019-05-27 12:05:00,0.0313720703125,0.045818865
2019-05-27 12:10:00,0.00732421875,0.019079065
2019-05-27 12:15:00,0.0063028335571289,0.0038681382
2019-05-27 12:20:00,0.0052814483642578,0.0077948254
2019-05-27 12:25:00,0.0042600631713867,0.005424398
2019-05-27 12:30:00,0.0032386779785156,0.003504684
2019-05-27 12:35:00,0.010009765625,0.004693251
2019-05-27 12:40:00,0.0211335367231226,0.011670808
2019-05-27 12:45:00,0.0322573078212453,0.020920305
2019-05-27 12:50:00,0.025172067518851,0.02200656
2019-05-27 12:55:00,0.0180868272164567,0.018982667
2019-05-27 13:00:00,0.0110015869140625,0.010558109
2019-05-27 13:05:00,0.0056052207946777,0.0055080596
2019-05-27 13:10:00,0.0002088546752929,0.0049501304
2019-05-27 13:15:00,0.0037025368731954,0.0033553313
2019-05-27 13:20:00,0.0003700256347656,0.0040986254
2019-05-27 13:25:00,0.0035400390625,0.0053886254
2019-05-27 13:30:00,0.002115249633789,0.0038061421
2019-05-27 13:35:00,0.0006904602050781,0.0028747332
2019-05-27 13:40:00,0.0045700073242187,0.0022644617
2019-05-27 13:45:00,0.0039812723795572,0.004905574
2019-05-27 13:50:00,0.0033925374348958,0.005938681
2019-05-27 13:55:00,0.0028038024902343,0.0035385024
2019-05-27 14:00:00,0.001558780670166,0.0031755632
2019-05-27 14:05:00,0.0003137588500976,0.0032983543
2019-05-27 14:10:00,0.0015263557434082,0.002373761
2019-05-27 14:15:00,0.0027389526367187,0.002316677
2019-05-27 14:20:00,0.0013694763183593,0.003885486
2019-05-27 14:25:00,0.0,0.0028338411
2019-05-27 14:30:00,0.0001096725463867,0.0051914873
2019-05-27 14:35:00,0.0002193450927734,0.0021471044
2019-05-27 14:40:00,0.0003290176391601,0.0018117275
2019-05-27 14:45:00,0.0004386901855468,0.0012483083
2019-05-27 14:50:00,0.0005483627319335,0.0022664
2019-05-27 14:55:00,0.0006580352783203,0.0025877734
2019-05-27 15:00:00,0.0010859171549479,0.0021548583
2019-05-27 15:05:00,0.0015137990315755,0.0039105043
2019-05-27 15:10:00,0.0019416809082031,0.0030468865
2019-05-27 15:15:00,0.02984619140625,0.0033415689
2019-05-27 15:20:00,0.0150566101074218,0.028418738
2019-05-27 15:25:00,0.0002670288085937,0.007930743
2019-05-27 15:30:00,0.0008411407470703,0.004297239
2019-05-27 15:35:00,0.0014152526855468,0.0023635577
2019-05-27 15:40:00,0.0135097503662109,0.0026480772
2019-05-27 15:45:00,0.025604248046875,0.015606936
2019-05-27 15:50:00,0.0198259353637695,0.022635577
2019-05-27 15:55:00,0.014047622680664,0.013929849
2019-05-27 16:00:00,0.0082693099975585,0.009815993
2019-05-27 16:05:00,0.0024909973144531,0.0049431166
2019-05-27 16:10:00,0.0061054229736328,0.0090090325
2019-05-27 16:15:00,0.0097198486328125,0.0062189866
2019-05-27 16:20:00,0.0002431869506835,0.010047725
2019-05-27 16:25:00,0.0019570589065551,0.0049604774
2019-05-27 16:30:00,0.0036709308624267,0.0037107356
2019-05-27 16:35:00,0.0053848028182983,0.004349305
2019-05-27 16:40:00,0.0070986747741699,0.0057665505
2019-05-27 16:45:00,0.0047852198282877,0.0070035793
2019-05-27 16:50:00,0.0024717648824055,0.0041184356
2019-05-27 16:55:00,0.0001583099365234,0.0029971194
2019-05-27 17:00:00,0.0021469116210937,0.004834517
2019-05-27 17:05:00,0.004135513305664,0.0038776211
2019-05-27 17:10:00,0.0061241149902343,0.004874294
2019-05-27 17:15:00,0.0081127166748046,0.0067376206
2019-05-27 17:20:00,0.010101318359375,0.009383877
2019-05-27 17:25:00,0.0027542114257812,0.011712016
2019-05-27 17:30:00,0.0014481544494628,0.005329415
2019-05-27 17:35:00,0.0001420974731445,0.0037006207
2019-05-27 17:40:00,0.0002894401550292,0.0031174058
2019-05-27 17:45:00,0.000436782836914,0.0017127416
2019-05-27 17:50:00,0.00676340635131,0.0022175417
2019-05-27 17:55:00,0.013090029865706,0.008821042
2019-05-27 18:00:00,0.019416653380102,0.014373294
2019-05-27 18:05:00,0.0087548458214962,0.020489203
2019-05-27 18:10:00,0.0077781496625958,0.005171932
2019-05-27 18:15:00,0.0068014535036954,0.0077449195
2019-05-27 18:20:00,0.0058247573447949,0.0062108347
2019-05-27 18:25:00,0.0048480611858945,0.0055099633
2019-05-27 18:30:00,0.0038713650269941,0.0048175235
2019-05-27 18:35:00,0.0028946688680937,0.003338251
2019-05-27 18:40:00,0.0019179727091933,0.0031737613
2019-05-27 18:45:00,0.0009412765502929,0.0039543444
2019-05-27 18:50:00,8.20159912109375e-05,0.0027902857
2019-05-27 18:55:00,0.023284912109375,0.0030420383
2019-05-27 19:00:00,0.025604248046875,0.027036868
2019-05-27 19:05:00,0.0215701245247049,0.023436021
2019-05-27 19:10:00,0.0175360010025349,0.013898793
2019-05-27 19:15:00,0.0135018774803648,0.013102609
2019-05-27 19:20:00,0.0094677539581948,0.010525073
2019-05-27 19:25:00,0.0,0.0059758173
2019-05-27 19:30:00,0.017730712890625,0.006904233
2019-05-27 19:35:00,0.03546142578125,0.024435919
2019-05-27 19:40:00,0.053192138671875,0.034548428
2019-05-27 19:45:00,0.0709228515625,0.03181904
2019-05-27 19:50:00,0.0139617919921875,0.03281552
2019-05-27 19:55:00,0.0045852661132812,-0.00279226
2019-05-27 20:00:00,0.0055732727050781,0.002938655
2019-05-27 20:05:00,0.006561279296875,0.014334491
2019-05-27 20:10:00,0.004460334777832,0.0067497194
2019-05-27 20:15:00,0.002359390258789,0.0043435213
2019-05-27 20:20:00,0.000258445739746,0.003129551
2019-05-27 20:25:00,0.0016750706185539,0.0040728184
2019-05-27 20:30:00,0.0030916954973618,0.0027946152
2019-05-27 20:35:00,0.0045083203761697,0.0032774836
2019-05-27 20:40:00,0.0198974609375,0.00553093
2019-05-27 20:45:00,0.02362060546875,0.02148827
2019-05-27 20:50:00,0.02734375,0.017975971
2019-05-27 20:55:00,0.03106689453125,0.025021773
2019-05-27 21:00:00,0.0266478402273995,0.026961315
2019-05-27 21:05:00,0.0222287859235491,0.023442479
2019-05-27 21:10:00,0.0178097316196986,0.0136360135
2019-05-27 21:15:00,0.0133906773158482,0.014301028
2019-05-27 21:20:00,0.0089716230119977,0.010283633
2019-05-27 21:25:00,0.0045525687081473,0.0073071257
2019-05-27 21:30:00,0.0001335144042968,0.0050406335
2019-05-27 21:35:00,0.0017948150634765,0.0044816397
2019-05-27 21:40:00,0.0034561157226562,0.0037684545
2019-05-27 21:45:00,0.0025491714477539,0.0042585325
2019-05-27 21:50:00,0.0016422271728515,0.0038154547
2019-05-27 21:55:00,0.0013648986816406,0.0029672566
2019-05-27 22:00:00,0.0010875701904296,0.004357178
2019-05-27 22:05:00,0.0008102416992187,0.0026610096
2019-05-27 22:10:00,0.0005329132080078,0.0022341816
2019-05-27 22:15:00,0.0002555847167968,0.0024354067
2019-05-27 22:20:00,0.0003616333007812,0.002006923
2019-05-27 22:25:00,0.0004676818847656,0.0022714657
2019-05-27 22:30:00,0.0005737304687499,0.002276598
2019-05-27 22:35:00,0.0006797790527343,0.002708422
2019-05-27 22:40:00,0.0007858276367187,0.0023356413
2019-05-27 22:45:00,0.0008918762207031,0.0025604072
2019-05-27 22:50:00,0.0009979248046875,0.002815137
2019-05-27 22:55:00,0.0011039733886718,0.0027921454
2019-05-27 23:00:00,0.0012100219726562,0.0025292274
2019-05-27 23:05:00,0.0013160705566406,0.0027156987
2019-05-27 23:10:00,0.0008970896402994,0.0026922226
2019-05-27 23:15:00,0.0004781087239583,0.0027108197
2019-05-27 23:20:00,5.91278076171875e-05,0.003145441
2019-05-27 23:25:00,7.2479248046875e-05,0.0061773546
2019-05-27 23:30:00,0.0134687423706054,0.0040963613
2019-05-27 23:35:00,0.0063858032226562,0.018275624
2019-05-27 23:40:00,0.0048165321350097,0.004947121
2019-05-27 23:45:00,0.0032472610473632,0.005273719
2019-05-27 23:50:00,0.0016779899597167,0.0038575395
2019-05-27 23:55:00,0.0001087188720703,0.0033661071
2019-05-28 00:00:00,0.0011954307556152,0.004652931
2019-05-28 00:05:00,0.0013621648152669,0.0044559957
2019-05-28 00:10:00,0.0015288988749186,0.0027918555
2019-05-28 00:15:00,0.0016956329345703,0.0022263832
2019-05-28 00:20:00,0.0035641988118489,0.002363507
2019-05-28 00:25:00,0.0054327646891276,0.0041718776
2019-05-28 00:30:00,0.0073013305664062,0.006102251
2019-05-28 00:35:00,0.0011711120605468,0.0077408687
2019-05-28 00:40:00,0.0224609375,0.003782794
2019-05-28 00:45:00,0.003556034781716,0.023559183
2019-05-28 00:50:00,0.0032237876545299,0.0038810514
2019-05-28 00:55:00,0.0028915405273437,0.003763742
2019-05-28 01:00:00,0.0050079345703125,0.0032539803
2019-05-28 01:05:00,0.0071243286132812,0.006253211
2019-05-28 01:10:00,0.00924072265625,0.007903893
2019-05-28 01:15:00,0.0113571166992187,0.009578521
2019-05-28 01:20:00,0.0134735107421875,0.010557428
2019-05-28 01:25:00,0.0068650245666503,0.012904061
2019-05-28 01:30:00,0.0002565383911132,0.0042758593
2019-05-28 01:35:00,0.0065979957580566,0.0037667172
2019-05-28 01:40:00,0.012939453125,0.0085964715
2019-05-28 01:45:00,0.0104522705078125,0.015343439
2019-05-28 01:50:00,0.007965087890625,0.008022351
2019-05-28 01:55:00,0.0073605378468831,0.006070665
2019-05-28 02:00:00,0.0067559878031412,0.0070647146
2019-05-28 02:05:00,0.0061514377593994,0.0071151415
2019-05-28 02:10:00,0.0055468877156575,0.0065530064
2019-05-28 02:15:00,0.0049423376719156,0.006439638
2019-05-28 02:20:00,0.0043377876281738,0.0051661716
2019-05-28 02:25:00,0.0037332375844319,0.004396548
2019-05-28 02:30:00,0.0031286875406901,0.0039444272
2019-05-28 02:35:00,0.0025241374969482,0.0034777564
2019-05-28 02:40:00,0.0019195874532063,0.0031942644
2019-05-28 02:45:00,0.0013150374094645,0.0035958276
2019-05-28 02:50:00,0.0007104873657226,0.0029992666
2019-05-28 02:55:00,0.0037922859191894,0.0026354357
2019-05-28 03:00:00,0.0068740844726562,0.0042422856
2019-05-28 03:05:00,0.0008296966552734,0.007975524
2019-05-28 03:10:00,0.0100027864629572,0.0037817555
2019-05-28 03:15:00,0.0129468728464545,0.012632685
2019-05-28 03:20:00,0.0097082997044772,0.014094056
2019-05-28 03:25:00,0.0064697265625,0.006096775
2019-05-28 03:30:00,0.00811767578125,0.0064086737
2019-05-28 03:35:00,0.0002908706665039,0.008157259
2019-05-28 03:40:00,0.0155487060546875,0.0050200475
2019-05-28 03:45:00,0.0145195007324218,0.018519925
2019-05-28 03:50:00,0.0134902954101562,0.012737438
2019-05-28 03:55:00,0.0124610900878906,0.011249479
2019-05-28 04:00:00,0.011431884765625,0.010050394
2019-05-28 04:05:00,0.0104026794433593,0.008601599
2019-05-28 04:10:00,0.0093734741210937,0.00885946
2019-05-28 04:15:00,0.0083442687988281,0.0072877808
2019-05-28 04:20:00,0.0073150634765625,0.008049913
2019-05-28 04:25:00,0.0062858581542968,0.007272639
2019-05-28 04:30:00,0.0052566528320312,0.0077989087
2019-05-28 04:35:00,0.0027656555175781,0.0062349546
2019-05-28 04:40:00,0.000274658203125,0.0031609368
2019-05-28 04:45:00,0.0001897811889648,0.0033142224
2019-05-28 04:50:00,0.0001049041748046,0.00202072
2019-05-28 04:55:00,5.245208740234375e-05,0.0018295638
2019-05-28 05:00:00,0.0,0.0017574066
2019-05-28 05:05:00,0.0001859664916992,0.0022992133
2019-05-28 05:10:00,0.0003719329833984,0.0017596424
2019-05-28 05:15:00,0.0002598762512207,0.0015026532
2019-05-28 05:20:00,0.0001478195190429,0.0013878468
2019-05-28 05:25:00,0.0002894401550292,0.0027640748
2019-05-28 05:30:00,0.0004310607910156,0.0017987328
2019-05-28 05:35:00,0.0006802876790364,0.0031830096
2019-05-28 05:40:00,0.0009295145670572,0.0041039423
2019-05-28 05:45:00,0.0011787414550781,0.0024480626
2019-05-28 05:50:00,0.0079803466796875,0.0027948255
2019-05-28 05:55:00,0.0056101481119791,0.009969382
2019-05-28 06:00:00,0.0032399495442708,0.005442784
2019-05-28 06:05:00,0.0008697509765625,0.0034680406
2019-05-28 06:10:00,0.0002002716064453,0.0034447336
2019-05-28 06:15:00,0.0012741088867187,0.002601577
2019-05-28 06:20:00,0.001953125,0.0027689042
2019-05-28 06:25:00,0.0026321411132812,0.0033799482
2019-05-28 06:30:00,0.0033111572265625,0.0033569818
2019-05-28 06:35:00,0.0157979329427083,0.003917655
2019-05-28 06:40:00,0.0282847086588541,0.019264588
2019-05-28 06:45:00,0.040771484375,0.027000578
2019-05-28 06:50:00,0.0044174194335937,0.034627456
2019-05-28 06:55:00,0.0028114318847656,0.0041227853
2019-05-28 07:00:00,0.0104084014892578,0.002388039
2019-05-28 07:05:00,0.01800537109375,0.0108738765
2019-05-28 07:10:00,0.0306658474904186,0.017935157
2019-05-28 07:15:00,0.0156347616663518,0.026868232
2019-05-28 07:20:00,0.0006036758422851,0.008305377
2019-05-28 07:25:00,0.0091519355773925,0.0037203953
2019-05-28 07:30:00,0.0177001953125,0.011210187
2019-05-28 07:35:00,0.008575439453125,0.020110713
2019-05-28 07:40:00,0.0109634399414062,0.0064929854
2019-05-28 07:45:00,0.0133514404296875,0.0096880635
2019-05-28 07:50:00,0.0157394409179687,0.014071637
2019-05-28 07:55:00,0.01812744140625,0.013666736
2019-05-28 08:00:00,0.0138983726501464,0.017398272
2019-05-28 08:05:00,0.0096693038940429,0.010497612
2019-05-28 08:10:00,0.0054402351379394,0.0057297177
2019-05-28 08:15:00,0.0012111663818359,0.006370808
2019-05-28 08:20:00,0.0013268788655598,0.0036599692
2019-05-28 08:25:00,0.0014425913492838,0.0026732709
2019-05-28 08:30:00,0.0015583038330078,0.0028709385
2019-05-28 08:35:00,0.000157356262207,0.0023094749
2019-05-28 08:40:00,0.0002155303955078,0.0027062695
2019-05-28 08:45:00,0.0026512145996093,0.0019365835
2019-05-28 08:50:00,0.0006322860717773,0.0037458416
2019-05-28 08:55:00,0.0031089782714843,0.00228743
2019-05-28 09:00:00,0.0026556650797526,0.003602535
2019-05-28 09:05:00,0.0022023518880208,0.0033702154
2019-05-28 09:10:00,0.001749038696289,0.0035209316
2019-05-28 09:15:00,0.0034920374552408,0.0030280452
2019-05-28 09:20:00,0.0052350362141927,0.0044249883
2019-05-28 09:25:00,0.0069780349731445,0.0064245863
2019-05-28 09:30:00,0.0087210337320963,0.0072346656
2019-05-28 09:35:00,0.0104640324910481,0.009634402
2019-05-28 09:40:00,0.01220703125,0.010599086
2019-05-28 09:45:00,0.0008344650268554,0.011633866
2019-05-28 09:50:00,0.0115494501023065,0.0044613713
2019-05-28 09:55:00,0.0023918151855468,0.012512932
2019-05-28 10:00:00,0.0020787375313895,0.0044712317
2019-05-28 10:05:00,0.0017656598772321,0.0034636748
2019-05-28 10:10:00,0.0014525822230747,0.0031437976
2019-05-28 10:15:00,0.0011395045689174,0.002823889
2019-05-28 10:20:00,0.00082642691476,0.0033935746
2019-05-28 10:25:00,0.0005133492606026,0.0026781082
2019-05-28 10:30:00,0.0002002716064453,0.0027763902
2019-05-28 10:35:00,0.003212547302246,0.0026336173
2019-05-28 10:40:00,0.0026432800292968,0.0042618816
2019-05-28 10:45:00,0.0020740127563476,0.003106168
2019-05-28 10:50:00,0.0015047454833984,0.0029019916
2019-05-28 10:55:00,0.0009354782104492,0.002893519
2019-05-28 11:00:00,0.0003662109375,0.0029414727
2019-05-28 11:05:00,0.000274658203125,0.0031157848
2019-05-28 11:10:00,0.00018310546875,0.002183257
2019-05-28 11:15:00,9.1552734375e-05,0.0054534
2019-05-28 11:20:00,0.0022989908854166,0.0019545075
2019-05-28 11:25:00,0.0045064290364583,0.0031371813
2019-05-28 11:30:00,0.0067138671875,0.0050612427
2019-05-28 11:35:00,0.0080413818359375,0.0074007316
2019-05-28 11:40:00,0.009368896484375,0.008347675
2019-05-28 11:45:00,0.0071909427642822,0.0090171
2019-05-28 11:50:00,0.0050129890441894,0.008364348
2019-05-28 11:55:00,0.0028350353240966,0.0052872864
2019-05-28 12:00:00,0.0006570816040039,0.0030784744
2019-05-28 12:05:00,0.002777099609375,0.0033420518
2019-05-28 12:10:00,0.0021079381306966,0.0036373425
2019-05-28 12:15:00,0.0014387766520182,0.0033314961
2019-05-28 12:20:00,0.0007696151733398,0.0025770052
2019-05-28 12:25:00,0.0132824691237917,0.0026585115
2019-05-28 12:30:00,0.0257953230742436,0.015826967
2019-05-28 12:35:00,0.0129377158584108,0.025212355
2019-05-28 12:40:00,8.0108642578125e-05,0.0055031395
2019-05-28 12:45:00,9.822845458984376e-05,0.010336919
2019-05-28 12:50:00,0.0011516595498109,0.0029060708
2019-05-28 12:55:00,0.002205090645032,0.0023697165
2019-05-28 13:00:00,0.0032585217402531,0.0028871258
2019-05-28 13:05:00,0.0031757415869297,0.0036743495
2019-05-28 13:10:00,0.0030929614336062,0.003947686
2019-05-28 13:15:00,0.0030101812802828,0.0036369876
2019-05-28 13:20:00,0.0029274011269593,0.0038549397
2019-05-28 13:25:00,0.0028446209736359,0.0030410865
2019-05-28 13:30:00,0.0027618408203125,0.0031523358
2019-05-28 13:35:00,0.0015208721160888,0.0040428443
2019-05-28 13:40:00,0.0002799034118652,0.003637399
2019-05-28 13:45:00,0.0093410015106201,0.0019393102
2019-05-28 13:50:00,0.018402099609375,0.011390381
2019-05-28 13:55:00,0.0062789916992187,0.02016417
2019-05-28 14:00:00,0.0065536499023437,0.0040015746
2019-05-28 14:05:00,0.0068283081054687,0.0070004473
2019-05-28 14:10:00,0.0071029663085937,0.007304126
2019-05-28 14:15:00,0.0073776245117187,0.007050822
2019-05-28 14:20:00,0.0003166198730468,0.0068581975
2019-05-28 14:25:00,0.0071868896484375,0.0037031583
2019-05-28 14:30:00,0.0036983489990234,0.009115428
2019-05-28 14:35:00,0.0002098083496093,0.0045534805
2019-05-28 14:40:00,0.000223159790039,0.0035075129
2019-05-28 14:45:00,0.0002365112304687,0.0025424897
2019-05-28 14:50:00,0.0002498626708984,0.0018333278
2019-05-28 14:55:00,0.0039091110229492,0.0015815813
2019-05-28 15:00:00,0.007568359375,0.0044389185
2019-05-28 15:05:00,0.0088043212890625,0.008324151
2019-05-28 15:10:00,0.010040283203125,0.009572524
2019-05-28 15:15:00,0.00030517578125,0.010490272
2019-05-28 15:20:00,0.0013563632965087,0.005756211
2019-05-28 15:25:00,0.0024075508117675,0.002863268
2019-05-28 15:30:00,0.0220947265625,0.003087528
2019-05-28 15:35:00,0.030975341796875,0.023136655
2019-05-28 15:40:00,0.0001907348632812,0.024515854
2019-05-28 15:45:00,0.0002202987670898,0.0069121975
2019-05-28 15:50:00,0.0002498626708984,0.0022116166
2019-05-28 15:55:00,0.000279426574707,0.0020321456
2019-05-28 16:00:00,0.0003089904785156,0.0017671434
2019-05-28 16:05:00,0.0003385543823242,0.0012924271
2019-05-28 16:10:00,0.0003681182861328,0.001066689
2019-05-28 16:15:00,0.0003976821899414,0.0026209452
2019-05-28 16:20:00,0.00042724609375,0.002106413
2019-05-28 16:25:00,0.001082420349121,0.0018092209
2019-05-28 16:30:00,0.0017375946044921,0.002150205
2019-05-28 16:35:00,0.0023927688598632,0.0029454385
2019-05-28 16:40:00,0.0030479431152343,0.005612412
2019-05-28 16:45:00,0.0093968709309895,0.0036415383
2019-05-28 16:50:00,0.0157457987467447,0.01061096
2019-05-28 16:55:00,0.0220947265625,0.016986676
2019-05-28 17:00:00,0.012550048828125,0.020171268
2019-05-28 17:05:00,0.00300537109375,0.008345943
2019-05-28 17:10:00,0.0046133104960123,0.003823707
2019-05-28 17:15:00,0.0062212498982747,0.0044966354
2019-05-28 17:20:00,0.0078291893005371,0.007139547
2019-05-28 17:25:00,0.0003608901326249,0.008701706
2019-05-28 17:30:00,0.0,0.005188311
2019-05-28 17:35:00,0.0008344650268554,0.004255825
2019-05-28 17:40:00,0.0016689300537109,0.0028620956
2019-05-28 17:45:00,0.000218391418457,0.0023082793
2019-05-28 17:50:00,0.0032804012298583,0.0012743602
2019-05-28 17:55:00,0.0063424110412597,0.0040657353
2019-05-28 18:00:00,0.0094044208526611,0.008973155
2019-05-28 18:05:00,0.0124664306640625,0.010252728
2019-05-28 18:10:00,0.0111741805344485,0.014514476
2019-05-28 18:15:00,0.0098819304048345,0.008380836
2019-05-28 18:20:00,0.0075633204385135,0.0086380355
2019-05-28 18:25:00,0.0052447104721926,0.006995938
2019-05-28 18:30:00,0.0029261005058717,0.0050295712
2019-05-28 18:35:00,0.0006074905395507,0.0026740786
2019-05-28 18:40:00,0.0002589225769042,0.0038777767
2019-05-28 18:45:00,0.05487060546875,0.0024012285
2019-05-28 18:50:00,0.0300559997558593,0.041606825
2019-05-28 18:55:00,0.0052413940429687,0.021807319
2019-05-28 19:00:00,0.0045961141586303,0.0016851333
2019-05-28 19:05:00,0.0039508342742919,0.004372371
2019-05-28 19:10:00,0.0033055543899536,0.004042684
2019-05-28 19:15:00,0.0026602745056152,0.0040720985
2019-05-28 19:20:00,0.0020149946212768,0.00323585
2019-05-28 19:25:00,0.0013697147369384,0.0025386785
2019-05-28 19:30:00,0.0007244348526,0.0030352948
2019-05-28 19:35:00,7.915496826171875e-05,0.0023016804
2019-05-28 19:40:00,0.0067672729492187,0.0027403461
2019-05-28 19:45:00,0.0002021789550781,0.008768364
2019-05-28 19:50:00,0.0043582916259765,0.0024862438
2019-05-28 19:55:00,0.008514404296875,0.0057404037
2019-05-28 20:00:00,0.0057112375895182,0.010073114
2019-05-28 20:05:00,0.0029080708821614,0.005373191
2019-05-28 20:10:00,0.0001049041748046,0.0031530818
2019-05-28 20:15:00,0.0012617111206054,0.006232386
2019-05-28 20:20:00,0.0024185180664062,0.0027909304
2019-05-28 20:25:00,0.0034441266741071,0.0031542296
2019-05-28 20:30:00,0.004469735281808,0.0038613444
2019-05-28 20:35:00,0.0054953438895089,0.005108423
2019-05-28 20:40:00,0.0065209524972098,0.0055669295
2019-05-28 20:45:00,0.0075465611049107,0.0074877716
2019-05-28 20:50:00,0.0085721697126116,0.008605745
2019-05-28 20:55:00,0.0095977783203125,0.008971595
2019-05-28 21:00:00,0.0072412490844726,0.009309289
2019-05-28 21:05:00,0.0048847198486328,0.006104878
2019-05-28 21:10:00,0.0025281906127929,0.004970483
2019-05-28 21:15:00,0.0001716613769531,0.0031651484
2019-05-28 21:20:00,0.0012001991271972,0.005139981
2019-05-28 21:25:00,0.0001306533813476,0.0027511353
2019-05-28 21:30:00,0.0001869201660156,0.003234724
2019-05-28 21:35:00,0.0002431869506835,0.0024527141
2019-05-28 21:40:00,0.0142970085144042,0.0017173849
2019-05-28 21:45:00,0.028350830078125,0.01783147
2019-05-28 21:50:00,0.0189911524454752,0.025846746
2019-05-28 21:55:00,0.0096314748128255,0.011287757
2019-05-28 22:00:00,0.0002717971801757,0.004237215
2019-05-28 22:05:00,0.0024056434631347,0.0043550427
2019-05-28 22:10:00,0.0045394897460937,0.0034016191
2019-05-28 22:15:00,0.0043741861979166,0.0049378998
2019-05-28 22:20:00,0.0042088826497395,0.004036821
2019-05-28 22:25:00,0.0040435791015625,0.004225108
2019-05-28 22:30:00,0.000248908996582,0.004670296
2019-05-28 22:35:00,0.0012149810791015,0.0041689556
2019-05-28 22:40:00,0.0017175674438476,0.003252953
2019-05-28 22:45:00,0.0022201538085937,0.0036604863
2019-05-28 22:50:00,0.010009765625,0.0034024664
2019-05-28 22:55:00,0.0093002319335937,0.012519843
2019-05-28 23:00:00,0.0085906982421875,0.0095844865
2019-05-28 23:05:00,0.0062675476074218,0.009056045
2019-05-28 23:10:00,0.0039443969726562,0.0068949754
2019-05-28 23:15:00,0.000166893005371,0.004567766
2019-05-28 23:20:00,0.0013847351074218,0.0045848265
2019-05-28 23:25:00,0.0011227130889892,0.0027057123
2019-05-28 23:30:00,0.0008606910705566,0.0022922587
2019-05-28 23:35:00,0.000598669052124,0.0027106635
2019-05-28 23:40:00,0.0003366470336914,0.0024651077
2019-05-28 23:45:00,0.0009779930114746,0.0023519325
2019-05-28 23:50:00,0.0016193389892578,0.0021021264
2019-05-28 23:55:00,0.004919687906901,0.0024440135
2019-05-29 00:00:00,0.0082200368245442,0.006145412
2019-05-29 00:05:00,0.0115203857421875,0.0088663865
2019-05-29 00:10:00,0.0319376627604166,0.012195958
2019-05-29 00:15:00,0.0523549397786458,0.028161354
2019-05-29 00:20:00,0.072772216796875,0.042583402
2019-05-29 00:25:00,0.0108528137207031,0.031440772
2019-05-29 00:30:00,0.0016288757324218,3.0150035e-05
2019-05-29 00:35:00,0.0011367797851562,0.0036044023
2019-05-29 00:40:00,0.0006446838378906,0.004394287
2019-05-29 00:45:00,0.000152587890625,0.0027316522
2019-05-29 00:50:00,0.000340461730957,0.0028206664
2019-05-29 00:55:00,0.0044637431269106,0.0017470636
2019-05-29 01:00:00,0.006862914043924,0.0050912257
2019-05-29 01:05:00,0.0092620849609375,0.00776072
2019-05-29 01:10:00,0.0106091499328613,0.008695406
2019-05-29 01:15:00,0.0119562149047851,0.010298575
2019-05-29 01:20:00,0.0133032798767089,0.012698082
2019-05-29 01:25:00,0.0146503448486328,0.012595328
2019-05-29 01:30:00,0.0006542205810546,0.012729435
2019-05-29 01:35:00,0.0005451838175455,0.0039997417
2019-05-29 01:40:00,0.0004361470540364,0.0026712478
2019-05-29 01:45:00,0.0003271102905273,0.0028845076
2019-05-29 01:50:00,0.0002180735270182,0.0021640698
2019-05-29 01:55:00,0.0001090367635091,0.0014512206
2019-05-29 02:00:00,0.0,0.0032955534
2019-05-29 02:05:00,0.0,0.0024760976
2019-05-29 02:10:00,0.0,0.0022954722
2019-05-29 02:15:00,0.0001049041748046,0.0023530005
2019-05-29 02:20:00,0.0018196475973856,0.0012884302
2019-05-29 02:25:00,0.0035343910199665,0.0024989168
2019-05-29 02:30:00,0.0052491344425474,0.0040036114
2019-05-29 02:35:00,0.0069638778651283,0.006608621
2019-05-29 02:40:00,0.0086786212877092,0.008855124
2019-05-29 02:45:00,0.0072321844064244,0.010561185
2019-05-29 02:50:00,0.0057857475251395,0.007228792
2019-05-29 02:55:00,0.0043393106438546,0.0051189954
2019-05-29 03:00:00,0.0028928737625697,0.004117926
2019-05-29 03:05:00,0.0014464368812848,0.003040566
2019-05-29 03:10:00,0.0,0.0031155667
2019-05-29 03:15:00,0.0005181630452473,0.006979399
2019-05-29 03:20:00,0.0010363260904947,0.0027984118
2019-05-29 03:25:00,0.0015544891357421,0.0025797219
2019-05-29 03:30:00,0.0013999938964843,0.0023118036
2019-05-29 03:35:00,0.0012454986572265,0.0023823073
2019-05-29 03:40:00,0.0010910034179687,0.0027842235
2019-05-29 03:45:00,0.0009365081787109,0.0025230544
2019-05-29 03:50:00,0.0017440795898437,0.0040001953
2019-05-29 03:55:00,0.0025516510009765,0.0037048792
2019-05-29 04:00:00,0.0033592224121093,0.004115591
2019-05-29 04:05:00,0.0041667938232421,0.004317033
2019-05-29 04:10:00,0.004974365234375,0.004894662
2019-05-29 04:15:00,0.004591805594308,0.0057586976
2019-05-29 04:20:00,0.004209245954241,0.004793637
2019-05-29 04:25:00,0.0038266863141741,0.004436206
2019-05-29 04:30:00,0.0034441266741071,0.0042865723
2019-05-29 04:35:00,0.0030615670340401,0.0038011684
2019-05-29 04:40:00,0.0026790073939732,0.0033623332
2019-05-29 04:45:00,0.0022964477539062,0.0036658898
2019-05-29 04:50:00,0.0019804000854492,0.003378757
2019-05-29 04:55:00,0.0016643524169921,0.0032794955
2019-05-29 05:00:00,0.0013483047485351,0.0028338924
2019-05-29 05:05:00,0.0010322570800781,0.0026391118
2019-05-29 05:10:00,0.000716209411621,0.0026624638
2019-05-29 05:15:00,0.0006262616413395,0.002489385
2019-05-29 05:20:00,0.0064849853515625,0.002501454
2019-05-29 05:25:00,7.43865966796875e-05,0.008915293
2019-05-29 05:30:00,0.0047252178192138,0.005587817
2019-05-29 05:35:00,0.009376049041748,0.0070824935
2019-05-29 05:40:00,0.0106446743011474,0.010200928
2019-05-29 05:45:00,0.0119132995605468,0.011213023
2019-05-29 05:50:00,0.0074119567871093,0.010643785
2019-05-29 05:55:00,0.0029106140136718,0.0052792835
2019-05-29 06:00:00,0.0019839604695638,0.0034048974
2019-05-29 06:05:00,0.0010573069254557,0.0037609406
2019-05-29 06:10:00,0.0001306533813476,0.0029212127
2019-05-29 06:15:00,6.532669067382812e-05,0.003326245
2019-05-29 06:20:00,0.0,0.0029740678
2019-05-29 06:25:00,3.4809112548828125e-05,0.0031458996
2019-05-29 06:30:00,6.961822509765625e-05,0.0030678224
2019-05-29 06:35:00,0.0001780986785888,0.0017883059
2019-05-29 06:40:00,0.00028657913208,0.0014951295
2019-05-29 06:45:00,0.0003950595855712,0.0008333746
2019-05-29 06:50:00,0.0005035400390625,0.002086118
2019-05-29 06:55:00,0.0005146662394205,0.0029968068
2019-05-29 07:00:00,0.0005257924397786,0.0056878095
2019-05-29 07:05:00,0.0005369186401367,0.004861495
2019-05-29 07:10:00,0.0019172668457031,0.0035112791
2019-05-29 07:15:00,0.0032976150512695,0.0032514373
2019-05-29 07:20:00,0.0046779632568359,0.0037854996
2019-05-29 07:25:00,0.0060583114624023,0.0051025124
2019-05-29 07:30:00,0.0074386596679687,0.0055779363
2019-05-29 07:35:00,0.0064999262491861,0.0071879155
2019-05-29 07:40:00,0.0055611928304036,0.0073217573
2019-05-29 07:45:00,0.004622459411621,0.0059942603
2019-05-29 07:50:00,0.0036837259928385,0.0044591986
2019-05-29 07:55:00,0.0027449925740559,0.0034257811
2019-05-29 08:00:00,0.0018062591552734,0.003225974
2019-05-29 08:05:00,0.0012998580932617,0.0031766486
2019-05-29 08:10:00,0.00079345703125,0.0029629664
2019-05-29 08:15:00,0.0002870559692382,0.0026807159
2019-05-29 08:20:00,0.0003027915954589,0.0023079708
2019-05-29 08:25:00,0.0003185272216796,0.0019345998
2019-05-29 08:30:00,0.0003342628479003,0.002013206
2019-05-29 08:35:00,0.000349998474121,0.0016337764
2019-05-29 08:40:00,0.0003657341003417,0.0016826267
2019-05-29 08:45:00,0.0003814697265625,0.0021302411
2019-05-29 08:50:00,0.0228042602539062,0.0034006387
2019-05-29 08:55:00,0.04522705078125,0.023339216
2019-05-29 09:00:00,0.0227632057376024,0.03998364
2019-05-29 09:05:00,0.0002993606939548,0.0061841398
2019-05-29 09:10:00,0.0042771827883836,0.0050488333
2019-05-29 09:15:00,0.0082550048828125,0.0042893747
2019-05-29 09:20:00,0.0064949989318847,0.008621286
2019-05-29 09:25:00,0.004734992980957,0.007133068
2019-05-29 09:30:00,0.0029749870300292,0.0038111582
2019-05-29 09:35:00,0.0012149810791015,0.003454716
2019-05-29 09:40:00,0.0008099873860677,0.0035357235
2019-05-29 09:45:00,0.0004049936930338,0.0023387652
2019-05-29 09:50:00,0.0,0.0026402227
2019-05-29 09:55:00,5.8492024739583336e-05,0.005094048
2019-05-29 10:00:00,0.0001169840494791,0.0010631811
2019-05-29 10:05:00,0.0001754760742187,0.0016994273
2019-05-29 10:10:00,0.0024388631184895,0.0032925426
2019-05-29 10:15:00,0.0047022501627604,0.0028787549
2019-05-29 10:20:00,0.0069656372070312,0.005437587
2019-05-29 10:25:00,0.0031929016113281,0.008139706
2019-05-29 10:30:00,0.0017733573913574,0.00452788
2019-05-29 10:35:00,0.0003538131713867,0.004410083
2019-05-29 10:40:00,0.0031492710113525,0.0029927394
2019-05-29 10:45:00,0.0059447288513183,0.003437428
2019-05-29 10:50:00,0.0087401866912841,0.0064112567
2019-05-29 10:55:00,0.01153564453125,0.00851932
2019-05-29 11:00:00,0.0060563087463378,0.010582132
2019-05-29 11:05:00,0.0005769729614257,0.004382002
2019-05-29 11:10:00,0.0004924138387044,0.00412857
2019-05-29 11:15:00,0.000407854715983,0.005984467
2019-05-29 11:20:00,0.0003232955932617,0.0029045697
2019-05-29 11:25:00,0.0002387364705403,0.0023968995
2019-05-29 11:30:00,0.000154177347819,0.0015155203
2019-05-29 11:35:00,6.961822509765625e-05,0.0036116322
2019-05-29 11:40:00,0.0036702156066894,0.0038228193
2019-05-29 11:45:00,0.0072708129882812,0.004192219
2019-05-29 11:50:00,0.0055551528930664,0.007983673
2019-05-29 11:55:00,0.0038394927978515,0.0052871346
2019-05-29 12:00:00,0.0021238327026367,0.0036584446
2019-05-29 12:05:00,0.0011787414550781,0.0030207415
2019-05-29 12:10:00,0.0002336502075195,0.0027395226
2019-05-29 12:15:00,0.0008792877197265,0.00371623
2019-05-29 12:20:00,0.0089111328125,0.0027925158
2019-05-29 12:25:00,0.0047202110290527,0.010678549
2019-05-29 12:30:00,0.0005292892456054,0.004869202
2019-05-29 12:35:00,0.0004339218139648,0.0034642273
2019-05-29 12:40:00,0.0004940032958984,0.0034045929
2019-05-29 12:45:00,0.0027046203613281,0.0035329752
2019-05-29 12:50:00,0.0049152374267578,0.0034856028
2019-05-29 12:55:00,0.0071258544921875,0.0059357667
2019-05-29 13:00:00,0.0057337592629825,0.007547999
2019-05-29 13:05:00,0.0043416640337775,0.005630228
2019-05-29 13:10:00,0.0029495688045726,0.0046830494
2019-05-29 13:15:00,0.0015574735753676,0.003766246
2019-05-29 13:20:00,0.0001653783461626,0.0034456407
2019-05-29 13:25:00,0.0002393722534179,0.004200426
2019-05-29 13:30:00,0.0068564414978027,0.0016181843
2019-05-29 13:35:00,0.0134735107421875,0.00890401
2019-05-29 13:40:00,0.0039901733398437,0.015312913
2019-05-29 13:45:00,0.0073356628417968,0.0033017832
2019-05-29 13:50:00,0.01068115234375,0.007546619
2019-05-29 13:55:00,0.0002198219299316,0.011002855
2019-05-29 14:00:00,0.0009586811065673,0.0044913883
2019-05-29 14:05:00,0.0016975402832031,0.0032331485
2019-05-29 14:10:00,0.011199951171875,0.0024478936
2019-05-29 14:15:00,0.0001468658447265,0.011824269
2019-05-29 14:20:00,0.0006860928101973,0.0053981934
2019-05-29 14:25:00,0.001225319775668,0.002994278
2019-05-29 14:30:00,0.0017645467411388,0.0031598345
2019-05-29 14:35:00,0.0023037737066095,0.0027251714
2019-05-29 14:40:00,0.0048978437076915,0.0032614956
2019-05-29 14:45:00,0.0074919137087735,0.0061760526
2019-05-29 14:50:00,0.0100859837098555,0.007415538
2019-05-29 14:55:00,0.0126800537109375,0.0119202165
2019-05-29 15:00:00,0.0084994633992513,0.012732995
2019-05-29 15:05:00,0.0043188730875651,0.0058497037
2019-05-29 15:10:00,0.0001382827758789,0.0047296444
2019-05-29 15:15:00,0.0016007423400878,0.0044166283
2019-05-29 15:20:00,0.0030632019042968,0.0028994952
2019-05-29 15:25:00,0.011505126953125,0.0040398045
2019-05-29 15:30:00,0.0049285888671875,0.01284271
2019-05-29 15:35:00,0.00701904296875,0.0043673203
2019-05-29 15:40:00,0.011444091796875,0.007614739
2019-05-29 15:45:00,0.0488128662109375,0.011852759
2019-05-29 15:50:00,0.086181640625,0.04342813
2019-05-29 15:55:00,0.0482177734375,0.065710716
2019-05-29 16:00:00,0.0001335144042968,0.033224463
2019-05-29 16:05:00,0.0001395543416341,0.016865643
2019-05-29 16:10:00,0.0001455942789713,0.01061523
2019-05-29 16:15:00,0.0001516342163085,0.0018727101
2019-05-29 16:20:00,0.006629467010498,0.0019397053
2019-05-29 16:25:00,0.0131072998046875,0.0077199787
2019-05-29 16:30:00,0.0011501312255859,0.0143343415
2019-05-29 16:35:00,0.0151290893554687,0.0033291052
2019-05-29 16:40:00,0.0291080474853515,0.01682824
2019-05-29 16:45:00,0.0430870056152343,0.022972789
2019-05-29 16:50:00,0.0570659637451171,0.034621578
2019-05-29 16:55:00,0.071044921875,0.048044782
2019-05-29 17:00:00,0.0474160512288411,0.037566062
2019-05-29 17:05:00,0.0237871805826822,0.032370597
2019-05-29 17:10:00,0.0001583099365234,0.006867053
2019-05-29 17:15:00,0.000279426574707,0.0061269575
2019-05-29 17:20:00,0.0004005432128906,0.0014677553
2019-05-29 17:25:00,0.0005788803100585,0.0038944418
2019-05-29 17:30:00,0.0050654411315917,0.0019191552
2019-05-29 17:35:00,0.009552001953125,0.005220423
2019-05-29 17:40:00,0.0075899759928385,0.009324794
2019-05-29 17:45:00,0.005627950032552,0.007528221
2019-05-29 17:50:00,0.0036659240722656,0.0068123373
2019-05-29 17:55:00,0.0021872520446777,0.0046931608
2019-05-29 18:00:00,0.0007085800170898,0.005796244
2019-05-29 18:05:00,0.0002431869506835,0.0066530122
2019-05-29 18:10:00,0.009674072265625,0.0022222244
2019-05-29 18:15:00,0.0088022405450994,0.01158627
2019-05-29 18:20:00,0.0079304088245738,0.009348587
2019-05-29 18:25:00,0.0070585771040482,0.008155481
2019-05-29 18:30:00,0.0061867453835227,0.0069888677
2019-05-29 18:35:00,0.0053149136629971,0.006948333
2019-05-29 18:40:00,0.0044430819424715,0.006415681
2019-05-29 18:45:00,0.003571250221946,0.0043509305
2019-05-29 18:50:00,0.0026994185014204,0.0036859051
2019-05-29 18:55:00,0.0018275867808948,0.0033429926
2019-05-29 19:00:00,0.0009557550603693,0.0030499238
2019-05-29 19:05:00,8.392333984375e-05,0.0029021373
2019-05-29 19:10:00,0.0032157897949218,0.0030501725
2019-05-29 19:15:00,0.00634765625,0.0045669596
2019-05-29 19:20:00,0.005597432454427,0.008448165
2019-05-29 19:25:00,0.0048472086588541,0.0061412975
2019-05-29 19:30:00,0.0040969848632812,0.005104268
2019-05-29 19:35:00,0.0118255615234375,0.0042277398
2019-05-29 19:40:00,0.0027885437011718,0.014135708
2019-05-29 19:45:00,0.009857177734375,0.005259398
2019-05-29 19:50:00,0.0003919601440429,0.0122364815
2019-05-29 19:55:00,0.0019794040256076,0.0070737307
2019-05-29 20:00:00,0.0035668479071723,0.0028803719
2019-05-29 20:05:00,0.0051542917887369,0.004037168
2019-05-29 20:10:00,0.0067417356703016,0.0055883266
2019-05-29 20:15:00,0.0083291795518663,0.007560131
2019-05-29 20:20:00,0.0099166234334309,0.008439544
2019-05-29 20:25:00,0.0115040673149956,0.010512289
2019-05-29 20:30:00,0.0130915111965603,0.010314168
2019-05-29 20:35:00,0.014678955078125,0.012093578
2019-05-29 20:40:00,0.0133841378348214,0.012490388
2019-05-29 20:45:00,0.0120893205915178,0.010920826
2019-05-29 20:50:00,0.0107945033482142,0.009863744
2019-05-29 20:55:00,0.0094996861049107,0.009667384
2019-05-29 21:00:00,0.0082048688616071,0.0069618807
2019-05-29 21:05:00,0.0069100516183035,0.007520204
2019-05-29 21:10:00,0.005615234375,0.0070810174
2019-05-29 21:15:00,0.0048873083932059,0.00568215
2019-05-29 21:20:00,0.0041593824114118,0.0053777685
2019-05-29 21:25:00,0.0034314564296177,0.004440031
2019-05-29 21:30:00,0.0027035304478236,0.0038578159
2019-05-29 21:35:00,0.0019756044660295,0.0032682728
2019-05-29 21:40:00,0.0012476784842354,0.0029092012
2019-05-29 21:45:00,0.0005197525024414,0.0030857045
2019-05-29 21:50:00,0.0003318786621093,0.0027501748
2019-05-29 21:55:00,0.0001440048217773,0.0021598218
2019-05-29 22:00:00,0.0071029663085937,0.0027836482
2019-05-29 22:05:00,0.03509521484375,0.009175259
2019-05-29 22:10:00,0.016265869140625,0.03431119
2019-05-29 22:15:00,0.0068055788675944,0.0070649437
2019-05-29 22:20:00,0.0090484619140625,0.0024237465
2019-05-29 22:25:00,0.000227928161621,0.008495202
2019-05-29 22:30:00,0.0004835128784179,0.004824136
2019-05-29 22:35:00,0.0007390975952148,0.0027397482
2019-05-29 22:40:00,0.0013209184010823,0.0017031014
2019-05-29 22:45:00,0.0019027392069498,0.0024161625
2019-05-29 22:50:00,0.0024845600128173,0.002906283
2019-05-29 22:55:00,0.0030663808186848,0.003116644
2019-05-29 23:00:00,0.0036482016245524,0.0037423463
2019-05-29 23:05:00,0.0042300224304199,0.0035604227
2019-05-29 23:10:00,0.0048118432362874,0.009807925
2019-05-29 23:15:00,0.0053936640421549,0.0050388128
2019-05-29 23:20:00,0.0059754848480224,0.0057355775
2019-05-29 23:25:00,0.0065573056538899,0.0060752262
2019-05-29 23:30:00,0.0071391264597574,0.00739384
2019-05-29 23:35:00,0.007720947265625,0.007778205
2019-05-29 23:40:00,0.0064727783203125,0.0076425383
2019-05-29 23:45:00,0.005224609375,0.0070319236
2019-05-29 23:50:00,0.0039764404296875,0.005958046
2019-05-29 23:55:00,0.002728271484375,0.004179105
2019-05-30 00:00:00,0.0014801025390625,0.0038882773
2019-05-30 00:05:00,0.0004425048828125,0.003428675
2019-05-30 00:10:00,0.00506591796875,0.0031806391
2019-05-30 00:15:00,0.0096893310546875,0.0067040017
2019-05-30 00:20:00,0.0062160491943359,0.009877979
2019-05-30 00:25:00,0.0027427673339843,0.0067037363
2019-05-30 00:30:00,0.0005655288696289,0.0036060065
2019-05-30 00:35:00,0.03839111328125,0.0036591603
2019-05-30 00:40:00,0.0258267720540364,0.033827092
2019-05-30 00:45:00,0.0132624308268229,0.020495996
2019-05-30 00:50:00,0.0006980895996093,0.004800528
2019-05-30 00:55:00,0.005017598470052,0.003345743
2019-05-30 01:00:00,0.0093371073404947,0.0057880036
2019-05-30 01:05:00,0.0136566162109375,0.00974625
2019-05-30 01:10:00,0.0094038645426432,0.014631226
2019-05-30 01:15:00,0.0051511128743489,0.0061099785
2019-05-30 01:20:00,0.0008983612060546,0.009901894
2019-05-30 01:25:00,0.03369140625,0.003523811
2019-05-30 01:30:00,0.0008690304226345,0.02650011
2019-05-30 01:35:00,0.0095006589536313,0.0031302085
2019-05-30 01:40:00,0.0181322874846281,0.0063853287
2019-05-30 01:45:00,0.026763916015625,0.017158382
2019-05-30 01:50:00,0.0156402587890625,0.026627114
2019-05-30 01:55:00,0.0045166015625,0.009405619
2019-05-30 02:00:00,0.0034942626953125,0.004454738
2019-05-30 02:05:00,0.002471923828125,0.003085562
2019-05-30 02:10:00,0.0014495849609375,0.003345704
2019-05-30 02:15:00,0.00042724609375,0.0034210752
2019-05-30 02:20:00,0.0018844956077188,0.0027419077
2019-05-30 02:25:00,0.0033417451216877,0.0033385588
2019-05-30 02:30:00,0.0047989946356566,0.005364936
2019-05-30 02:35:00,0.0062562441496255,0.0050580148
2019-05-30 02:40:00,0.0077134936635944,0.007065352
2019-05-30 02:45:00,0.0091707431775633,0.008915318
2019-05-30 02:50:00,0.0106279926915322,0.009421084
2019-05-30 02:55:00,0.0002317428588867,0.010390183
2019-05-30 03:00:00,0.0005472501118977,0.0049547614
2019-05-30 03:05:00,0.0008627573649088,0.0030236726
2019-05-30 03:10:00,0.0011782646179199,0.0026332026
2019-05-30 03:15:00,0.0014937718709309,0.0021479863
2019-05-30 03:20:00,0.001809279123942,0.0025579624
2019-05-30 03:25:00,0.0021247863769531,0.0031915263
2019-05-30 03:30:00,0.0093841552734375,0.00335084
2019-05-30 03:35:00,0.0049481391906738,0.010418815
2019-05-30 03:40:00,0.0005121231079101,0.007577034
2019-05-30 03:45:00,0.0003142356872558,0.0035394614
2019-05-30 03:50:00,0.0001163482666015,0.003246876
2019-05-30 03:55:00,0.0020942687988281,0.0033320521
2019-05-30 04:00:00,0.0040721893310546,0.0031641498
2019-05-30 04:05:00,0.0060501098632812,0.0046953233
2019-05-30 04:10:00,0.0001707077026367,0.006141484
2019-05-30 04:15:00,0.0011545419692993,0.015800832
2019-05-30 04:20:00,0.0021383762359619,0.0036815596
2019-05-30 04:25:00,0.0031222105026245,0.0038769585
2019-05-30 04:30:00,0.0041060447692871,0.003348667
2019-05-30 04:35:00,0.0050898790359497,0.004817151
2019-05-30 04:40:00,0.0060737133026123,0.0054517128
2019-05-30 04:45:00,0.0070575475692749,0.0059304377
2019-05-30 04:50:00,0.0080413818359375,0.007545819
2019-05-30 04:55:00,0.008575439453125,0.008873805
2019-05-30 05:00:00,0.0001192092895507,0.008923288
2019-05-30 05:05:00,0.0001567204793294,0.0058376673
2019-05-30 05:10:00,0.000194231669108,0.0032382463
2019-05-30 05:15:00,0.0002317428588867,0.002230046
2019-05-30 05:20:00,0.0008195241292317,0.0012879145
2019-05-30 05:25:00,0.0014073053995768,0.0019857595
2019-05-30 05:30:00,0.0019950866699218,0.0022128576
2019-05-30 05:35:00,0.0059673565776408,0.0028912853
2019-05-30 05:40:00,0.0099396264853597,0.0061140717
2019-05-30 05:45:00,0.0006593976702008,0.011081457
2019-05-30 05:50:00,0.0070419311523437,0.0053470754
2019-05-30 05:55:00,0.0078786214192708,0.008977256
2019-05-30 06:00:00,0.0087153116861979,0.00879672
2019-05-30 06:05:00,0.009552001953125,0.010767676
2019-05-30 06:10:00,0.0023628696799278,0.008512506
2019-05-30 06:15:00,0.0072468034923076,0.0045887306
2019-05-30 06:20:00,0.0121307373046875,0.008021021
2019-05-30 06:25:00,0.0005557018777598,0.012588974
2019-05-30 06:30:00,0.0401948431263799,0.005010132
2019-05-30 06:35:00,0.079833984375,0.029718203
2019-05-30 06:40:00,0.0108990139431423,0.048736926
2019-05-30 06:45:00,0.0002422332763671,0.0027874717
2019-05-30 06:50:00,0.0001891454060872,0.0037501988
2019-05-30 06:55:00,0.0078994433085123,0.0065217293
2019-05-30 07:00:00,0.0156097412109375,0.011255934
2019-05-30 07:05:00,0.014678955078125,0.01636572
2019-05-30 07:10:00,0.0137481689453125,0.011285837
2019-05-30 07:15:00,0.0233840942382812,0.0109097045
2019-05-30 07:20:00,0.03302001953125,0.019308096
2019-05-30 07:25:00,0.0166015625,0.026335718
2019-05-30 07:30:00,0.00018310546875,0.007890422
2019-05-30 07:35:00,0.0001344680786132,0.0037669307
2019-05-30 07:40:00,0.0003315607706705,0.0038881814
2019-05-30 07:45:00,0.0005286534627278,0.0025793829
2019-05-30 07:50:00,0.0007257461547851,0.0019246347
2019-05-30 07:55:00,0.0001688003540039,0.0016488665
2019-05-30 08:00:00,0.0002975463867187,0.0030657745
2019-05-30 08:05:00,0.0002336502075195,0.0014898719
2019-05-30 08:10:00,0.0001697540283203,0.001814523
2019-05-30 08:15:00,0.0008840791110334,0.0023094541
2019-05-30 08:20:00,0.0015984041937466,0.0023892305
2019-05-30 08:25:00,0.0023127292764597,0.00928529
2019-05-30 08:30:00,0.0030270543591729,0.0030505883
2019-05-30 08:35:00,0.0037413794418861,0.0036646866
2019-05-30 08:40:00,0.0002126693725585,0.0040092436
2019-05-30 08:45:00,0.006235122680664,0.0037096424
2019-05-30 08:50:00,0.0033245086669921,0.008982043
2019-05-30 08:55:00,0.0004138946533203,0.0042673997
2019-05-30 09:00:00,0.0004639279751377,0.0053768526
2019-05-30 09:05:00,0.0005139612969551,0.0030198225
2019-05-30 09:10:00,0.0005639946187725,0.0024172654
2019-05-30 09:15:00,0.0006140279405899,0.00213886
2019-05-30 09:20:00,0.0004019045647774,0.0020335403
2019-05-30 09:25:00,0.0001897811889648,0.002668769
2019-05-30 09:30:00,0.0001716613769531,0.0030123545
2019-05-30 09:35:00,0.0001535415649414,0.0038029165
2019-05-30 09:40:00,0.0001158714294433,0.0022409866
2019-05-30 09:45:00,7.82012939453125e-05,0.0034330776
2019-05-30 09:50:00,8.187975202287947e-05,0.0022758704
2019-05-30 09:55:00,8.555821010044642e-05,0.0025829594
2019-05-30 10:00:00,8.923666817801339e-05,0.002398069
2019-05-30 10:05:00,9.291512625558036e-05,0.0021823475
2019-05-30 10:10:00,9.659358433314731e-05,0.0020295319
2019-05-30 10:15:00,0.0001002720424107,0.0017647806
2019-05-30 10:20:00,0.0001039505004882,0.0018752059
2019-05-30 10:25:00,0.011749267578125,0.0030792968
2019-05-30 10:30:00,0.0078328450520833,0.014709546
2019-05-30 10:35:00,0.0039164225260416,0.0068709804
2019-05-30 10:40:00,0.0,0.005077151
2019-05-30 10:45:00,0.0003643035888671,0.010313689
2019-05-30 10:50:00,0.0007286071777343,0.002718592
2019-05-30 10:55:00,0.0010929107666015,0.0019917425
2019-05-30 11:00:00,0.05780029296875,0.0027169862
2019-05-30 11:05:00,0.0003786087036132,0.029758813
2019-05-30 11:10:00,9.5367431640625e-07,0.020510944
2019-05-30 11:15:00,0.0029067993164062,0.0098349685
2019-05-30 11:20:00,0.0041534423828125,0.0062137595
2019-05-30 11:25:00,0.0054000854492187,0.004977716
2019-05-30 11:30:00,0.006646728515625,0.0062059965
2019-05-30 11:35:00,0.0078933715820312,0.0072250227
2019-05-30 11:40:00,0.0091400146484375,0.009853386
2019-05-30 11:45:00,0.0075721740722656,0.008444789
2019-05-30 11:50:00,0.0060043334960937,0.0081138285
2019-05-30 11:55:00,0.0040876070658365,0.0047128615
2019-05-30 12:00:00,0.0021708806355794,0.0037108934
2019-05-30 12:05:00,0.0002541542053222,0.003980044
2019-05-30 12:10:00,0.0002026557922363,0.003316388
2019-05-30 12:15:00,0.0004539489746093,0.0019962003
2019-05-30 12:20:00,0.0001029968261718,0.0030328038
2019-05-30 12:25:00,0.0001091957092285,0.0024304057
2019-05-30 12:30:00,0.0001153945922851,0.0014753565
2019-05-30 12:35:00,0.0002117156982421,0.001471094
2019-05-30 12:40:00,0.0001144409179687,0.001373968
2019-05-30 12:45:00,0.0021095275878906,0.0019149283
2019-05-30 12:50:00,0.02325439453125,0.002999442
2019-05-30 12:55:00,0.0186260223388671,0.02619883
2019-05-30 13:00:00,0.0139976501464843,0.015827531
2019-05-30 13:05:00,0.0093692779541015,0.009592388
2019-05-30 13:10:00,0.0047409057617187,0.0055484483
2019-05-30 13:15:00,0.0001125335693359,0.008651916
2019-05-30 13:20:00,0.0014741420745849,0.003847691
2019-05-30 13:25:00,0.0028357505798339,0.002069933
2019-05-30 13:30:00,0.0029513835906982,0.0029929234
2019-05-30 13:35:00,0.0030670166015625,0.003137813
2019-05-30 13:40:00,0.0001420974731445,0.0038923433
2019-05-30 13:45:00,0.0001313686370849,0.0038137313
2019-05-30 13:50:00,0.0001206398010253,0.0021889561
2019-05-30 13:55:00,0.0001099109649658,0.0014487875
2019-05-30 14:00:00,9.918212890625e-05,0.0017270687
2019-05-30 14:05:00,9.282430013020832e-05,0.0015339013
2019-05-30 14:10:00,8.646647135416667e-05,0.0015645572
2019-05-30 14:15:00,8.0108642578125e-05,0.0017555134
2019-05-30 14:20:00,0.0018717447916666,0.0018320485
2019-05-30 14:25:00,0.0036633809407552,0.0031890708
2019-05-30 14:30:00,0.0054550170898437,0.0040656845
2019-05-30 14:35:00,0.008380126953125,0.0062983693
2019-05-30 14:40:00,0.0113052368164062,0.010183089
2019-05-30 14:45:00,0.0142303466796875,0.011906339
2019-05-30 14:50:00,0.0171554565429687,0.012992052
2019-05-30 14:55:00,0.02008056640625,0.016627269
2019-05-30 15:00:00,0.0103263854980468,0.017527856
2019-05-30 15:05:00,0.0005722045898437,0.006680704
2019-05-30 15:10:00,0.00689697265625,0.0044603175
2019-05-30 15:15:00,0.0048070320716271,0.00800903
2019-05-30 15:20:00,0.0027170914870042,0.0047768303
2019-05-30 15:25:00,0.0006271509023813,0.0031893991
2019-05-30 15:30:00,0.0014139933463854,0.0040445896
2019-05-30 15:35:00,0.0022008357903896,0.0029311727
2019-05-30 15:40:00,0.0029876782343937,0.003554064
2019-05-30 15:45:00,0.0037745206783979,0.0034234957
2019-05-30 15:50:00,0.004561363122402,0.0037715305
2019-05-30 15:55:00,0.0053482055664062,0.004869648
2019-05-30 16:00:00,0.0042559305826822,0.0055967993
2019-05-30 16:05:00,0.0031636555989583,0.0046929903
2019-05-30 16:10:00,0.0020713806152343,0.0036982987
2019-05-30 16:15:00,0.0019393920898437,0.003254329
2019-05-30 16:20:00,0.0018074035644531,0.00279796
2019-05-30 16:25:00,0.0016754150390625,0.0034601225
2019-05-30 16:30:00,0.0015434265136718,0.0026301665
2019-05-30 16:35:00,0.0014114379882812,0.0026194877
2019-05-30 16:40:00,0.0008106231689453,0.0026472656
2019-05-30 16:45:00,0.0002098083496093,0.0026054285
2019-05-30 16:50:00,0.0003485679626464,0.0022027749
2019-05-30 16:55:00,0.0004873275756835,0.0019566142
2019-05-30 17:00:00,0.0004510879516601,0.0027886953
2019-05-30 17:05:00,0.0050601959228515,0.0025101015
2019-05-30 17:10:00,0.0096693038940429,0.0064767944
2019-05-30 17:15:00,0.0142784118652343,0.009538144
2019-05-30 17:20:00,0.0188875198364257,0.014567497
2019-05-30 17:25:00,0.0234966278076171,0.01852304
2019-05-30 17:30:00,0.0281057357788085,0.019400012
2019-05-30 17:35:00,0.03271484375,0.025806714
2019-05-30 17:40:00,0.0280320572130607,0.024550099
2019-05-30 17:45:00,0.0233492706761215,0.021227492
2019-05-30 17:50:00,0.0186664841391823,0.01480721
2019-05-30 17:55:00,0.0139836976022431,0.014908284
2019-05-30 18:00:00,0.0093009110653039,0.009530537
2019-05-30 18:05:00,0.0046181245283647,0.007928189
2019-05-30 18:10:00,0.0031076778065074,0.0046819113
2019-05-30 18:15:00,0.0015972310846502,0.0036952004
2019-05-30 18:20:00,8.678436279296875e-05,0.0030605749
2019-05-30 18:25:00,0.0018902778625488,0.002884242
2019-05-30 18:30:00,0.0036937713623046,0.0032430189
2019-05-30 18:35:00,0.0085092544555664,0.0043137423
2019-05-30 18:40:00,0.0133247375488281,0.011668144
2019-05-30 18:45:00,0.0079345703125,0.015407091
2019-05-30 18:50:00,0.0025444030761718,0.0045487084
2019-05-30 18:55:00,0.0046710968017578,0.0048664394
2019-05-30 19:00:00,0.0067977905273437,0.0074440157
2019-05-30 19:05:00,0.0056962966918945,0.008275696
2019-05-30 19:10:00,0.0045948028564453,0.0056042774
2019-05-30 19:15:00,0.003493309020996,0.0041606566
2019-05-30 19:20:00,0.0023918151855468,0.0037831846
2019-05-30 19:25:00,0.0062840779622395,0.0032239556
2019-05-30 19:30:00,0.0101763407389322,0.008110405
2019-05-30 19:35:00,0.014068603515625,0.011970882
2019-05-30 19:40:00,0.0070343017578125,0.013777299
2019-05-30 19:45:00,0.0,0.004676519
2019-05-30 19:50:00,4.3392181396484375e-05,0.0050300397
2019-05-30 19:55:00,8.678436279296875e-05,0.003976822
2019-05-30 20:00:00,0.0015640258789062,0.0020083864
2019-05-30 20:05:00,0.0013176600138346,0.0022344603
2019-05-30 20:10:00,0.001071294148763,0.0022297946
2019-05-30 20:15:00,0.0008249282836914,0.0024370705
2019-05-30 20:20:00,0.0079808235168457,0.0026462565
2019-05-30 20:25:00,0.01513671875,0.010488267
2019-05-30 20:30:00,0.01671142578125,0.017242962
2019-05-30 20:35:00,0.0182861328125,0.015496034
2019-05-30 20:40:00,0.01986083984375,0.016870907
2019-05-30 20:45:00,0.021435546875,0.019431243
2019-05-30 20:50:00,0.02301025390625,0.016876431
2019-05-30 20:55:00,0.026885986328125,0.01575715
2019-05-30 21:00:00,0.03076171875,0.023632253
2019-05-30 21:05:00,0.034637451171875,0.025468683
2019-05-30 21:10:00,0.03851318359375,0.026555488
2019-05-30 21:15:00,0.042388916015625,0.03081203
2019-05-30 21:20:00,0.0462646484375,0.037264463
2019-05-30 21:25:00,0.0003423690795898,0.037393678
2019-05-30 21:30:00,0.0004837036132812,0.005646208
2019-05-30 21:35:00,0.0006250381469726,0.0046322006
2019-05-30 21:40:00,0.000766372680664,0.0015649248
2019-05-30 21:45:00,0.0009077072143554,0.002100703
2019-05-30 21:50:00,0.0010490417480468,0.0017544094
2019-05-30 21:55:00,0.000197410583496,0.0022593723
2019-05-30 22:00:00,0.0025057792663574,0.0027966178
2019-05-30 22:05:00,0.0048141479492187,0.006170869
2019-05-30 22:10:00,0.0042181015014648,0.013152376
2019-05-30 22:15:00,0.0036220550537109,0.0071950867
2019-05-30 22:20:00,0.003026008605957,0.004491509
2019-05-30 22:25:00,0.0024299621582031,0.003092312
2019-05-30 22:30:00,0.0018339157104492,0.0032840832
2019-05-30 22:35:00,0.0012378692626953,0.0031681703
2019-05-30 22:40:00,0.0006418228149414,0.0026472963
2019-05-30 22:45:00,0.0012664794921875,0.0024086232
2019-05-30 22:50:00,0.0006847381591796,0.00247762
2019-05-30 22:55:00,0.0001029968261718,0.002834291
2019-05-30 23:00:00,0.0079803466796875,0.0041023786
2019-05-30 23:05:00,0.0002288818359375,0.0101845
2019-05-30 23:10:00,0.0131683349609375,0.026849594
2019-05-30 23:15:00,0.0081763267517089,0.017076995
2019-05-30 23:20:00,0.0031843185424804,0.004998326
2019-05-30 23:25:00,0.02001953125,0.005187986
2019-05-30 23:30:00,0.0,0.02357464
2019-05-30 23:35:00,4.57763671875e-05,0.007194076
2019-05-30 23:40:00,9.1552734375e-05,0.003071826
2019-05-30 23:45:00,0.0001373291015625,0.0040874165
2019-05-30 23:50:00,0.00018310546875,0.0018875459
2019-05-30 23:55:00,0.0062989393870035,0.00282249
2019-05-31 00:00:00,0.0124147733052571,0.009297055
2019-05-31 00:05:00,0.0103013197580973,0.014460451
2019-05-31 00:10:00,0.0081878662109375,0.009443367
2019-05-31 00:15:00,0.006342601776123,0.006672019
2019-05-31 00:20:00,0.0044973373413085,0.0066914773
2019-05-31 00:25:00,0.0026520729064941,0.003873569
2019-05-31 00:30:00,0.0008068084716796,0.003214478
2019-05-31 00:35:00,7.343292236328125e-05,0.0038106702
2019-05-31 00:40:00,0.066162109375,0.0028957997
2019-05-31 00:45:00,0.0050633634839739,0.050631925
2019-05-31 00:50:00,0.0044121117818923,0.014270293
2019-05-31 00:55:00,0.0037608600798107,0.0035979124
2019-05-31 01:00:00,0.0031096083777291,0.0036516287
2019-05-31 01:05:00,0.0024583566756475,0.0035023754
2019-05-31 01:10:00,0.0018071049735659,0.00355743
2019-05-31 01:15:00,0.0011558532714843,0.003921981
2019-05-31 01:20:00,0.0054702758789062,0.0028410673
2019-05-31 01:25:00,0.0002698898315429,0.006519547
2019-05-31 01:30:00,0.0006446838378906,0.0027592194
2019-05-31 01:35:00,0.0031547546386718,0.0031599798
2019-05-31 01:40:00,0.014892578125,0.0033439202
2019-05-31 01:45:00,0.01116943359375,0.01793283
2019-05-31 01:50:00,0.0074462890625,0.00900553
2019-05-31 01:55:00,0.00372314453125,0.0053410563
2019-05-31 02:00:00,0.0,0.0036084927
2019-05-31 02:05:00,0.0023956298828125,0.0054066526
2019-05-31 02:10:00,0.004791259765625,0.00353273
2019-05-31 02:15:00,0.0122299194335937,0.0056428765
2019-05-31 02:20:00,0.0196685791015625,0.012767241
2019-05-31 02:25:00,0.0271072387695312,0.020151895
2019-05-31 02:30:00,0.0345458984375,0.026467236
2019-05-31 02:35:00,0.0173401832580566,0.032931887
2019-05-31 02:40:00,0.0001344680786132,0.007652748
2019-05-31 02:45:00,0.0045304298400878,0.0039901845
2019-05-31 02:50:00,0.0089263916015625,0.0056692306
2019-05-31 02:55:00,0.0089950561523437,0.009324049
2019-05-31 03:00:00,0.009063720703125,0.009450171
2019-05-31 03:05:00,0.0067087809244791,0.008347045
2019-05-31 03:10:00,0.0043538411458333,0.007042744
2019-05-31 03:15:00,0.0019989013671875,0.004864849
2019-05-31 03:20:00,0.0183942640149915,0.003114063
2019-05-31 03:25:00,0.000436782836914,0.022367932
2019-05-31 03:30:00,0.012664794921875,0.0066095525
2019-05-31 03:35:00,0.0005321502685546,0.032225262
2019-05-31 03:40:00,0.0006329463078425,0.0038182654
2019-05-31 03:45:00,0.0007337423471304,0.0029049183
2019-05-31 03:50:00,0.0008345383864182,0.0030335928
2019-05-31 03:55:00,0.0009353344257061,0.0023150484
2019-05-31 04:00:00,0.0010361304649939,0.0027115603
2019-05-31 04:05:00,0.0011369265042818,0.0031505406
2019-05-31 04:10:00,0.0012377225435697,0.0027477755
2019-05-31 04:15:00,0.0013385185828575,0.0028667278
2019-05-31 04:20:00,0.0014393146221454,0.0024223488
2019-05-31 04:25:00,0.0015401106614332,0.0026454208
2019-05-31 04:30:00,0.0016409067007211,0.002568206
2019-05-31 04:35:00,0.001741702740009,0.0027509676
2019-05-31 04:40:00,0.0018424987792968,0.0033900866
2019-05-31 04:45:00,0.0092010498046875,0.0035250303
2019-05-31 04:50:00,0.0077247619628906,0.010919569
2019-05-31 04:55:00,0.0062484741210937,0.008507939
2019-05-31 05:00:00,0.0003080368041992,0.0074225776
2019-05-31 05:05:00,0.0121016502380371,0.004122005
2019-05-31 05:10:00,0.023895263671875,0.01531456
2019-05-31 05:15:00,0.0181350708007812,0.020615539
2019-05-31 05:20:00,0.0123748779296875,0.014468893
2019-05-31 05:25:00,0.0066146850585937,0.008620881
2019-05-31 05:30:00,0.0008544921875,0.0047132527
2019-05-31 05:35:00,0.0013065338134765,0.0035919473
2019-05-31 05:40:00,0.0017585754394531,0.0030372294
2019-05-31 05:45:00,0.02740478515625,0.0028949885
2019-05-31 05:50:00,0.0232391357421875,0.027278952
2019-05-31 05:55:00,0.019073486328125,0.014442663
2019-05-31 06:00:00,0.0149078369140625,0.016272899
2019-05-31 06:05:00,0.0106658935546875,0.009703359
2019-05-31 06:10:00,0.0064239501953125,0.0074859764
2019-05-31 06:15:00,0.0049798488616943,0.0053156093
2019-05-31 06:20:00,0.0035357475280761,0.0052336645
2019-05-31 06:25:00,0.002091646194458,0.003124227
2019-05-31 06:30:00,0.0006475448608398,0.0038031328
2019-05-31 06:35:00,7.43865966796875e-05,0.0028687597
2019-05-31 06:40:00,0.007659912109375,0.003173918
2019-05-31 06:45:00,0.0041427612304687,0.009928315
2019-05-31 06:50:00,0.0003480911254882,0.005183238
2019-05-31 06:55:00,0.0141358375549316,0.0032071413
2019-05-31 07:00:00,0.027923583984375,0.016846517
2019-05-31 07:05:00,0.0210342407226562,0.026979446
2019-05-31 07:10:00,0.0141448974609375,0.014825885
2019-05-31 07:15:00,0.0001640319824218,0.009601228
2019-05-31 07:20:00,0.0,0.0068990444
2019-05-31 07:25:00,0.0006523132324218,0.003331031
2019-05-31 07:30:00,0.0003318786621093,0.0027198175
2019-05-31 07:35:00,0.03363037109375,0.002970745
2019-05-31 07:40:00,0.0450439453125,0.021097621
2019-05-31 07:45:00,0.0348256429036458,0.03349919
2019-05-31 07:50:00,0.0246073404947916,0.020894809
2019-05-31 07:55:00,0.0143890380859375,0.019380521
2019-05-31 08:00:00,0.0158660446388134,0.0110559175
2019-05-31 08:05:00,0.0173430511916893,0.016413454
2019-05-31 08:10:00,0.0188200577445652,0.014731994
2019-05-31 08:15:00,0.0163504559060801,0.015469837
2019-05-31 08:20:00,0.0138808540675951,0.015780047
2019-05-31 08:25:00,0.01141125222911,0.011644691
2019-05-31 08:30:00,0.008941650390625,0.008302034
2019-05-31 08:35:00,0.0087203979492187,0.006453041
2019-05-31 08:40:00,0.0084991455078125,0.008722973
2019-05-31 08:45:00,0.008087158203125,0.0091045
2019-05-31 08:50:00,6.008148193359375e-05,0.0075065284
2019-05-31 08:55:00,5.407333374023438e-05,0.0062886765
2019-05-31 09:00:00,4.8065185546875e-05,0.008484984
2019-05-31 09:05:00,4.2057037353515626e-05,0.0016850663
2019-05-31 09:10:00,3.604888916015625e-05,0.0009657483
2019-05-31 09:15:00,3.0040740966796875e-05,0.0008668694
2019-05-31 09:20:00,2.4032592773437503e-05,0.0010044619
2019-05-31 09:25:00,1.8024444580078124e-05,0.0013108497
2019-05-31 09:30:00,1.2016296386718751e-05,0.003584997
2019-05-31 09:35:00,6.008148193359379e-06,0.005094827
2019-05-31 09:40:00,0.0,0.004832451
2019-05-31 09:45:00,0.0013561248779296,0.0051205633
2019-05-31 09:50:00,0.0027122497558593,0.0046149
2019-05-31 09:55:00,0.004068374633789,0.0052597807
2019-05-31 10:00:00,0.0054244995117187,0.006488911
2019-05-31 10:05:00,0.0065212249755859,0.0077877115
2019-05-31 10:10:00,0.0076179504394531,0.008140183
2019-05-31 10:15:00,0.0087146759033203,0.008045612
2019-05-31 10:20:00,0.0098114013671875,0.008450989
2019-05-31 10:25:00,0.00750732421875,0.009033889
2019-05-31 10:30:00,0.0052032470703125,0.0057486775
2019-05-31 10:35:00,0.002899169921875,0.0049549174
2019-05-31 10:40:00,0.0001163482666015,0.003160843
2019-05-31 10:45:00,0.0021181106567382,0.0045219013
2019-05-31 10:50:00,0.004119873046875,0.0035923922
2019-05-31 10:55:00,0.0040257771809895,0.0048969565
2019-05-31 11:00:00,0.0039316813151041,0.0044679195
2019-05-31 11:05:00,0.0038375854492187,0.0042648725
2019-05-31 11:10:00,0.0037434895833333,0.0038451334
2019-05-31 11:15:00,0.0036493937174479,0.0044807005
2019-05-31 11:20:00,0.0035552978515625,0.0042470903
2019-05-31 11:25:00,0.0031509399414062,0.0043978705
2019-05-31 11:30:00,0.00274658203125,0.0033861368
2019-05-31 11:35:00,0.0023422241210937,0.003155329
2019-05-31 11:40:00,0.0019378662109375,0.0030752171
2019-05-31 11:45:00,0.0015335083007812,0.0031734058
2019-05-31 11:50:00,0.0,0.0027564894
2019-05-31 11:55:00,0.0002392133076985,0.004143183
2019-05-31 12:00:00,0.03106689453125,0.0017015677
2019-05-31 12:05:00,0.000457763671875,0.03154863
2019-05-31 12:10:00,0.0023620345375754,0.005184054
2019-05-31 12:15:00,0.0030738657171075,0.0022788376
2019-05-31 12:20:00,0.0037856968966397,0.0044185035
2019-05-31 12:25:00,0.0044975280761718,0.003662786
2019-05-31 12:30:00,0.0032285054524739,0.0061928937
2019-05-31 12:35:00,0.001959482828776,0.0034522738
2019-05-31 12:40:00,0.0006904602050781,0.0030642482
2019-05-31 12:45:00,8.678436279296875e-05,0.004280097
2019-05-31 12:50:00,0.0014209747314453,0.00361672
2019-05-31 12:55:00,0.0219841003417968,0.0024355922
2019-05-31 13:00:00,0.0425472259521484,0.025116198
2019-05-31 13:05:00,0.0631103515625,0.032260906
2019-05-31 13:10:00,0.0474927425384521,0.026355036
2019-05-31 13:15:00,0.0318751335144043,0.028435381
2019-05-31 13:20:00,0.0162575244903564,0.013820531
2019-05-31 13:25:00,0.0006399154663085,0.004218253
2019-05-31 13:30:00,0.0035902659098307,0.008296427
2019-05-31 13:35:00,0.0065406163533528,0.0026754518
2019-05-31 13:40:00,0.009490966796875,0.0083293235
2019-05-31 13:45:00,0.0111083984375,0.010201873
2019-05-31 13:50:00,0.01324462890625,0.00911275
2019-05-31 13:55:00,0.015380859375,0.011589121
2019-05-31 14:00:00,0.01751708984375,0.013010742
2019-05-31 14:05:00,0.0196533203125,0.018250803
2019-05-31 14:10:00,0.02178955078125,0.018062444
2019-05-31 14:15:00,0.02392578125,0.017751489
2019-05-31 14:20:00,0.0001872380574544,0.017627327
2019-05-31 14:25:00,0.0052129427591959,0.0060396856
2019-05-31 14:30:00,0.0102386474609375,0.0057557942
2019-05-31 14:35:00,0.0002307891845703,0.011882141
2019-05-31 14:40:00,0.0002288818359375,0.004396572
2019-05-31 14:45:00,0.0002763271331787,0.0033967225
2019-05-31 14:50:00,0.0003237724304199,0.0022933509
2019-05-31 14:55:00,0.0003712177276611,0.0024255572
2019-05-31 15:00:00,0.0004186630249023,0.0014713658
2019-05-31 15:05:00,0.0033798217773437,0.0017605661
2019-05-31 15:10:00,9.250640869140624e-05,0.0039215065
2019-05-31 15:15:00,0.0001392364501953,0.0029187696
2019-05-31 15:20:00,0.0001859664916992,0.0019550126
2019-05-31 15:25:00,0.0002326965332031,0.002796583
2019-05-31 15:30:00,0.0003244876861572,0.0017792775
2019-05-31 15:35:00,0.0004162788391113,0.0015146472
2019-05-31 15:40:00,0.0005080699920654,0.0021525242
2019-05-31 15:45:00,0.0005998611450195,0.0026155356
2019-05-31 15:50:00,0.0015398387251229,0.0027991477
2019-05-31 15:55:00,0.0024798163052262,0.0023302082
2019-05-31 16:00:00,0.001891095062782,0.0029727807
2019-05-31 16:05:00,0.0013023738203377,0.0030407798
2019-05-31 16:10:00,0.0007136525778934,0.0024441245
2019-05-31 16:15:00,0.0001249313354492,0.0023209066
2019-05-31 16:20:00,0.0009651184082031,0.003983929
2019-05-31 16:25:00,0.001805305480957,0.002612938
2019-05-31 16:30:00,0.0026454925537109,0.0033427658
2019-05-31 16:35:00,0.0034856796264648,0.0036304262
2019-05-31 16:40:00,0.0043258666992187,0.0039540795
2019-05-31 16:45:00,0.0191917419433593,0.0049281525
2019-05-31 16:50:00,0.0340576171875,0.024482392
2019-05-31 16:55:00,0.0002822875976562,0.0321682
2019-05-31 17:00:00,0.0016428470611572,0.0045793015
2019-05-31 17:05:00,0.0030034065246582,0.0023533318
2019-05-31 17:10:00,0.0043639659881591,0.0032212667
2019-05-31 17:15:00,0.0057245254516601,0.0050311135
2019-05-31 17:20:00,0.0070850849151611,0.0057583554
2019-05-31 17:25:00,0.0084456443786621,0.0068868697
2019-05-31 17:30:00,0.007633409500122,0.009235826
2019-05-31 17:35:00,0.006821174621582,0.008246445
2019-05-31 17:40:00,0.0060089397430419,0.006781694
2019-05-31 17:45:00,0.0051967048645019,0.004787874
2019-05-31 17:50:00,0.0043844699859619,0.0055911876
2019-05-31 17:55:00,0.0035722351074218,0.0049843877
2019-05-31 18:00:00,0.0027600002288818,0.003950822
2019-05-31 18:05:00,0.0019477653503417,0.0036020468
2019-05-31 18:10:00,0.0011355304718017,0.0032079257
2019-05-31 18:15:00,0.0003232955932617,0.0033295655
2019-05-31 18:20:00,0.00228271484375,0.002511901
2019-05-31 18:25:00,0.0042421340942382,0.0034695277
2019-05-31 18:30:00,0.0062015533447265,0.0049432693
2019-05-31 18:35:00,0.0081609725952148,0.007866834
2019-05-31 18:40:00,0.0101203918457031,0.009092316
2019-05-31 18:45:00,0.0106688908168247,0.011637877
2019-05-31 18:50:00,0.0085938998631068,0.009556625
2019-05-31 18:55:00,0.0065189089093889,0.007154399
2019-05-31 19:00:00,0.004443917955671,0.006890056
2019-05-31 19:05:00,0.0023689270019531,0.0043612197
2019-05-31 19:10:00,0.0002717971801757,0.0029757167
2019-05-31 19:15:00,0.0146484375,0.0039428677
2019-05-31 19:20:00,0.0006341934204101,0.020217216
2019-05-31 19:25:00,0.0034028833562677,0.0042222235
2019-05-31 19:30:00,0.0061715732921253,0.0038763543
2019-05-31 19:35:00,0.0089402632279829,0.008015908
2019-05-31 19:40:00,0.0125334630370611,0.010136172
2019-05-31 19:45:00,0.0161266628461392,0.013897272
2019-05-31 19:50:00,0.0197198626552174,0.013905656
2019-05-31 19:55:00,0.0233130624642956,0.020201154
2019-05-31 20:00:00,0.0269062622733738,0.022180058
2019-05-31 20:05:00,0.0013923645019531,0.025785554
2019-05-31 20:10:00,0.0107574462890625,0.0051403567
2019-05-31 20:15:00,0.0128860473632812,0.010238865
2019-05-31 20:20:00,0.0150146484375,0.012258882
2019-05-31 20:25:00,0.0004901885986328,0.01396494
2019-05-31 20:30:00,0.0003595352172851,0.0071138167
2019-05-31 20:35:00,0.0010177612304687,0.004399453
2019-05-31 20:40:00,0.0016759872436523,0.0026776288
2019-05-31 20:45:00,0.0023342132568359,0.0028130217
2019-05-31 20:50:00,0.0029924392700195,0.002527924
2019-05-31 20:55:00,0.0036506652832031,0.0027043829
2019-05-31 21:00:00,0.0009346008300781,0.004651546
2019-05-31 21:05:00,0.0006217956542968,0.004556078
2019-05-31 21:10:00,0.0003089904785156,0.0027596655
2019-05-31 21:15:00,0.0035820007324218,0.0022122746
2019-05-31 21:20:00,0.0116658210754394,0.0043219067
2019-05-31 21:25:00,0.0892333984375,0.013966045
2019-05-31 21:30:00,0.0630956579137731,0.0066133766
2019-05-31 21:35:00,0.0369579173900463,0.020168498
2019-05-31 21:40:00,0.0108201768663194,0.015084753
2019-05-31 21:45:00,0.0093682607014973,0.01024929
2019-05-31 21:50:00,0.0079163445366753,0.0051714783
2019-05-31 21:55:00,0.0064644283718532,0.0075545586
2019-05-31 22:00:00,0.0050125122070312,0.005889239
2019-05-31 22:05:00,0.0036373138427734,0.004853561
2019-05-31 22:10:00,0.0022621154785156,0.003531758
2019-05-31 22:15:00,0.0018850962320963,0.0030795059
2019-05-31 22:20:00,0.001508076985677,0.002895867
2019-05-31 22:25:00,0.0011310577392578,0.0024505793
2019-05-31 22:30:00,0.0007540384928385,0.002378337
2019-05-31 22:35:00,0.0003770192464192,0.0017778293
2019-05-31 22:40:00,0.0,0.0024117725
2019-05-31 22:45:00,0.0001440048217773,0.004049233
2019-05-31 22:50:00,0.0047099316014652,0.0020760274
2019-05-31 22:55:00,0.0092758583811532,0.005258998
2019-05-31 23:00:00,0.0074464359114655,0.0089828065
2019-05-31 23:05:00,0.0056170134417778,0.007179241
2019-05-31 23:10:00,0.0037875909720901,0.005892539
2019-05-31 23:15:00,0.0019581685024025,0.0039979774
2019-05-31 23:20:00,0.0001287460327148,0.0041840514
2019-05-31 23:25:00,0.0024826604556414,0.004333933
2019-05-31 23:30:00,0.0048365748785679,0.003405068
2019-05-31 23:35:00,0.0071904893014945,0.005148318
2019-05-31 23:40:00,0.0130615234375,0.007234097
2019-05-31 23:45:00,0.015869140625,0.013966707
2019-05-31 23:50:00,0.037109375,0.013764294
